Time;Type;Volume;Symbol;Price;Volume;Time;Price;Commission;Swap;Profit
2026.08.04 17:23:00;Sell;0.04;EURUSD;1.15266;0.04;2026.08.04 17:48:00;1.15197;;;2.4
2026.08.04 17:23:01;Buy;0.02;XAUUSD;4082.93;0.02;2026.08.04 17:48:00;4078.97;;;-6.88
2026.08.03 22:27:01;Buy;0.04;EURUSD;1.15134;0.04;2026.08.04 04:32:01;1.15107;;-0.29;-0.94
2026.08.03 22:27:01;Sell;0.02;XAUUSD;4053.7;0.02;2026.08.04 04:32:00;4050.08;;0.64;6.29
2026.07.31 18:27:00;Sell;0.04;EURUSD;1.15044;0.04;2026.08.03 02:17:53;1.15455;;0.05;-14.24
2026.07.31 18:27:01;Buy;0.02;XAUUSD;4043.04;0.02;2026.08.03 02:17:52;4069.17;;-0.96;45.27
2026.07.31 16:37:00;Buy;0.04;EURUSD;1.14743;0.04;2026.07.31 17:38:01;1.14863;;;4.18
2026.07.31 16:37:01;Sell;0.02;XAUUSD;4034.35;0.02;2026.07.31 17:38:00;4041.42;;;-12.31
2026.07.31 14:17:01;Buy;0.04;EURUSD;1.14961;0.04;2026.07.31 16:00:25;1.14882;;;-2.75
2026.07.31 14:17:01;Sell;0.02;XAUUSD;4055.73;0.02;2026.07.31 16:00:24;4036.54;;;33.41
2026.07.31 11:50:00;Sell;0.04;EURUSD;1.15143;0.04;2026.07.31 12:37:01;1.15069;;;2.57
2026.07.31 11:50:01;Buy;0.02;XAUUSD;4061.69;0.02;2026.07.31 12:37:00;4050.91;;;-18.74
2026.07.31 10:52:00;Sell;0.04;EURUSD;1.15196;0.04;2026.07.31 11:33:01;1.15066;;;4.52
2026.07.31 10:52:01;Buy;0.02;XAUUSD;4071.69;0.02;2026.07.31 11:33:01;4057.55;;;-24.58
2026.07.30 21:49:01;Sell;0.04;EURUSD;1.15324;0.04;2026.07.30 22:18:01;1.15321;;;0.1
2026.07.30 21:49:01;Buy;0.02;XAUUSD;4101.24;0.02;2026.07.30 22:18:00;4112.24;;;19.08
2026.07.30 07:42:01;Sell;0.04;EURUSD;1.14532;0.04;2026.07.30 10:18:00;1.14439;;;3.25
2026.07.30 07:42:01;Buy;0.02;XAUUSD;4048.42;0.02;2026.07.30 10:18:00;4049.08;;;1.15
2026.07.29 22:02:00;Sell;0.04;EURUSD;1.14534;0.04;2026.07.30 01:57:01;1.14715;;0.24;-6.31
2026.07.29 22:02:00;Buy;0.02;XAUUSD;4114.34;0.02;2026.07.30 01:57:01;4089.41;;-2.96;-43.47
2026.07.27 22:12:00;Buy;0.04;EURUSD;1.13683;0.04;2026.07.28 01:30:01;1.13689;;-0.29;0.21
2026.07.27 22:12:00;Sell;0.02;XAUUSD;4081.36;0.02;2026.07.28 01:30:01;4072.5;;0.65;15.59
2026.07.27 14:09:00;Buy;0.04;EURUSD;1.13926;0.04;2026.07.27 15:19:33;1.13849;;;-2.71
2026.07.27 14:09:00;Sell;0.02;XAUUSD;4102.77;0.02;2026.07.27 15:19:33;4083.8;;;33.32
2026.07.24 04:02:00;Sell;0.04;EURUSD;1.13855;0.04;2026.07.24 07:42:01;1.13789;;;2.32
2026.07.24 04:02:00;Buy;0.02;XAUUSD;4044.68;0.02;2026.07.24 07:42:01;4026.8;;;-31.43
2026.07.23 17:49:00;Buy;0.04;EURUSD;1.13687;0.04;2026.07.23 18:14:01;1.13728;;;1.44
2026.07.23 17:49:01;Sell;0.02;XAUUSD;4059.85;0.02;2026.07.23 18:14:00;4051.46;;;14.75
2026.07.21 15:26:01;Buy;0.04;EURUSD;1.14156;0.04;2026.07.21 17:15:01;1.14181;;;0.88
2026.07.21 15:26:01;Sell;0.02;XAUUSD;4061.22;0.02;2026.07.21 17:15:00;4065.99;;;-8.35
2026.07.16 23:32:00;Sell;0.04;EURUSD;1.14434;0.04;2026.07.17 02:59:01;1.14451;;0.05;-0.59
2026.07.16 23:32:01;Buy;0.02;XAUUSD;3974.52;0.02;2026.07.17 02:59:01;3984.97;;-0.92;18.26
2026.07.16 17:53:01;Buy;0.04;EURUSD;1.14421;0.04;2026.07.16 20:50:01;1.14359;;;-2.17
2026.07.16 17:53:01;Sell;0.02;XAUUSD;3995.74;0.02;2026.07.16 20:50:00;3985.16;;;18.5
2026.07.14 15:34:00;Sell;0.04;EURUSD;1.14493;0.04;2026.07.14 17:30:01;1.14447;;;1.6099999999999999
2026.07.14 15:34:00;Buy;0.02;XAUUSD;4095.55;0.02;2026.07.14 17:30:01;4076.86;;;-32.67
2026.07.14 08:56:00;Buy;0.04;EURUSD;1.1392;0.04;2026.07.14 09:34:01;1.13926;;;0.21
2026.07.14 08:56:00;Sell;0.02;XAUUSD;4031.45;0.02;2026.07.14 09:34:01;4024.93;;;11.45
2026.07.10 20:21:01;Buy;0.04;EURUSD;1.14253;0.04;2026.07.13 01:32:13;1.13943;;-0.28;-10.88
2026.07.10 20:21:01;Sell;0.02;XAUUSD;4106.17;0.02;2026.07.13 01:32:13;4083.07;;0.66;40.54
2026.07.08 09:31:00;Sell;0.04;EURUSD;1.14219;0.04;2026.07.08 12:14:01;1.13985;;;8.21
2026.07.08 09:31:00;Buy;0.02;XAUUSD;4129.07;0.02;2026.07.08 12:14:01;4055.55;;;-129.01
2026.07.08 09:01:01;Sell;0.04;EURUSD;1.14219;0.04;2026.07.08 09:14:01;1.14184;;;1.23
2026.07.08 09:01:01;Buy;0.02;XAUUSD;4126.98;0.02;2026.07.08 09:14:01;4130.13;;;5.52
2026.07.06 19:02:01;Sell;0.04;EURUSD;1.14264;0.04;2026.07.06 21:35:37;1.14417;;;-5.35
2026.07.06 19:02:01;Buy;0.02;XAUUSD;4144.93;0.02;2026.07.06 21:35:36;4165.17;;;35.38
2026.07.06 16:58:01;Buy;0.04;EURUSD;1.14107;0.04;2026.07.06 17:04:01;1.1415;;;1.51
2026.07.06 16:58:02;Sell;0.02;XAUUSD;4141.97;0.02;2026.07.06 17:04:00;4141.73;;;0.42
2026.07.01 11:23:00;Buy;0.04;EURUSD;1.13995;0.04;2026.07.01 16:42:00;1.13959;;;-1.26
2026.07.01 11:23:00;Sell;0.02;XAUUSD;3979.25;0.02;2026.07.01 16:42:00;4077.93;;;-173.17
2026.07.01 10:17:01;Buy;0.04;EURUSD;1.13963;0.04;2026.07.01 11:09:00;1.14012;;;1.72
2026.07.01 10:17:01;Sell;0.02;XAUUSD;3963.66;0.02;2026.07.01 11:09:00;3970.69;;;-12.33
2026.06.30 03:06:00;Buy;0.04;EURUSD;1.14198;0.04;2026.06.30 03:55:38;1.14137;;;-2.14
2026.06.30 03:06:01;Sell;0.02;XAUUSD;4007.26;0.02;2026.06.30 03:55:38;3988.47;;;32.92
2026.06.26 17:20:00;Buy;0.04;EURUSD;1.14211;0.04;2026.06.26 23:23:10;1.13907;;;-10.68
2026.06.26 17:20:00;Sell;0.02;XAUUSD;4087.87;0.02;2026.06.26 23:23:09;4069.96;;;31.44
2026.06.26 15:58:00;Sell;0.04;EURUSD;1.14276;0.04;2026.06.26 16:48:02;1.1418300000000001;;;3.26
2026.06.26 15:58:00;Buy;0.02;XAUUSD;4055.17;0.02;2026.06.26 16:48:02;4061.78;;;11.58
2026.06.24 16:33:00;Sell;0.04;EURUSD;1.13416;0.04;2026.06.24 16:42:00;1.1339;;;0.92
2026.06.24 16:33:00;Buy;0.02;XAUUSD;3992.14;0.02;2026.06.24 16:42:00;4008.65;;;29.12
2026.06.24 16:12:02;Sell;0.04;EURUSD;1.13245;0.04;2026.06.24 16:32:10;1.13412;;;-5.89
2026.06.24 16:12:02;Buy;0.02;XAUUSD;3969.34;0.02;2026.06.24 16:32:10;3990.08;;;36.58
2026.06.24 16:02:00;Sell;0.04;EURUSD;1.13266;0.04;2026.06.24 16:03:34;1.13299;;;-1.17
2026.06.24 16:02:00;Buy;0.02;XAUUSD;3974.35;0.02;2026.06.24 16:03:34;3992.03;;;31.21
2026.06.24 09:31:04;Buy;0.04;EURUSD;1.13648;0.04;2026.06.24 12:58:45;1.13464;;;-6.49
2026.06.24 09:31:04;Sell;0.02;XAUUSD;4085.73;0.02;2026.06.24 12:58:45;4064.98;;;36.57
2026.06.19 11:27:01;Sell;0.04;EURUSD;1.14593;0.04;2026.06.22 01:30:01;1.14653;;0.05;-2.09
2026.06.19 11:27:01;Buy;0.02;XAUUSD;4175.26;0.02;2026.06.22 01:30:01;4152.08;;-0.96;-40.44
2026.06.19 11:07:01;Sell;0.04;EURUSD;1.14539;0.04;2026.06.19 11:26:00;1.14606;;;-2.34
2026.06.19 11:07:01;Buy;0.02;XAUUSD;4158.85;0.02;2026.06.19 11:26:00;4177.6;;;32.72
2026.06.19 07:40:00;Buy;0.04;EURUSD;1.14365;0.04;2026.06.19 09:02:01;1.14337;;;-0.98
2026.06.19 07:40:01;Sell;0.02;XAUUSD;4141.64;0.02;2026.06.19 09:02:01;4136.55;;;8.9
2026.06.18 18:22:01;Sell;0.04;EURUSD;1.14804;0.04;2026.06.18 20:46:01;1.14654;;;5.23
2026.06.18 18:22:01;Buy;0.02;XAUUSD;4242.29;0.02;2026.06.18 20:46:00;4228.24;;;-24.51
2026.06.15 11:42:00;Buy;0.04;EURUSD;1.16013;0.04;2026.06.15 12:07:01;1.16088;;;2.58
2026.06.15 11:42:00;Sell;0.02;XAUUSD;4343.79;0.02;2026.06.15 12:07:01;4341.87;;;3.31
2026.06.15 04:34:00;Buy;0.04;EURUSD;1.15979;0.04;2026.06.15 06:41:01;1.16028;;;1.69
2026.06.15 04:34:01;Sell;0.02;XAUUSD;4311.67;0.02;2026.06.15 06:41:00;4324.23;;;-21.65
2026.06.12 17:34:00;Sell;0.04;EURUSD;1.15719;0.04;2026.06.12 17:53:34;1.15758;;;-1.35
2026.06.12 17:34:01;Buy;0.02;XAUUSD;4182.59;0.02;2026.06.12 17:53:34;4200.42;;;30.81
2026.06.12 17:04:00;Sell;0.04;EURUSD;1.1576;0.04;2026.06.12 17:19:01;1.1571;;;1.73
2026.06.12 17:04:01;Buy;0.02;XAUUSD;4195.61;0.02;2026.06.12 17:19:00;4192.97;;;-4.5600000000000005
2026.06.12 15:53:01;Buy;0.04;EURUSD;1.15632;0.04;2026.06.12 16:06:01;1.1568;;;1.6600000000000001
2026.06.12 15:53:01;Sell;0.02;XAUUSD;4198.68;0.02;2026.06.12 16:06:00;4196.63;;;3.54
2026.06.10 04:02:00;Sell;0.04;EURUSD;1.15407;0.04;2026.06.10 11:46:01;1.155;;;-3.22
2026.06.10 04:02:00;Buy;0.02;XAUUSD;4202.46;0.02;2026.06.10 11:46:00;4169.4;;;-57.25
2026.06.08 21:55:01;Buy;0.04;EURUSD;1.15333;0.04;2026.06.08 22:40:01;1.1533;;;-0.1
2026.06.08 21:55:01;Sell;0.02;XAUUSD;4334.39;0.02;2026.06.08 22:40:00;4325.88;;;14.76
2026.06.08 05:36:00;Sell;0.04;EURUSD;1.15276;0.04;2026.06.08 09:02:00;1.15206;;;2.43
2026.06.08 05:36:00;Buy;0.02;XAUUSD;4309.3;0.02;2026.06.08 09:02:00;4304.81;;;-7.8
2026.06.05 21:48:00;Sell;0.04;EURUSD;1.15221;0.04;2026.06.08 01:43:00;1.15139;;0.08;2.85
2026.06.05 21:48:01;Buy;0.02;XAUUSD;4318.33;0.02;2026.06.08 01:43:00;4325.35;;-0.94;12.19
2026.06.05 21:44:50;Sell;0.02;EURUSD;1.15222;0.02;2026.06.05 21:48:00;1.15231;;;-0.16
2026.06.05 21:44:50;Buy;0.02;XAUUSD;4317.09;0.02;2026.06.05 21:47:59;4318.34;;;2.17
2026.06.05 21:47:00;Sell;0.04;EURUSD;1.15213;0.04;2026.06.05 21:47:47;1.15231;;;-0.62
2026.06.05 21:47:00;Buy;0.02;XAUUSD;4316.61;0.02;2026.06.05 21:47:46;4319.13;;;4.37
2026.06.05 21:46:11;Sell;0.04;EURUSD;1.15226;0.04;2026.06.05 21:46:39;1.15231;;;-0.17
2026.06.05 21:46:12;Buy;0.02;XAUUSD;4317.19;0.02;2026.06.05 21:46:39;4317.13;;;-0.1
2026.06.05 20:32:00;Buy;0.04;EURUSD;1.15265;0.04;2026.06.05 21:13:01;1.15207;;;-2.01
2026.06.05 20:32:00;Sell;0.02;XAUUSD;4341.65;0.02;2026.06.05 21:13:00;4328.8;;;22.31
2026.06.04 17:46:00;Sell;0.04;EURUSD;1.16312;0.04;2026.06.04 18:40:00;1.16259;;;1.8199999999999998
2026.06.04 17:46:00;Buy;0.02;XAUUSD;4472.92;0.02;2026.06.04 18:40:00;4477.21;;;7.38
2026.06.04 11:56:01;Sell;0.04;EURUSD;1.16119;0.04;2026.06.04 14:30:33;1.164;;;-9.66
2026.06.04 11:56:01;Buy;0.02;XAUUSD;4464.7;0.02;2026.06.04 14:30:32;4491.79;;;46.55
2026.06.04 11:28:01;Sell;0.04;EURUSD;1.16101;0.04;2026.06.04 11:44:02;1.16079;;;0.76
2026.06.04 11:28:01;Buy;0.02;XAUUSD;4460.37;0.02;2026.06.04 11:44:02;4462.32;;;3.36
2026.06.04 10:39:00;Buy;0.04;EURUSD;1.16029;0.04;2026.06.04 11:03:00;1.16048;;;0.65
2026.06.04 10:39:01;Sell;0.02;XAUUSD;4466.99;0.02;2026.06.04 11:03:00;4465.12;;;3.22
2026.06.04 09:37:00;Sell;0.04;EURUSD;1.16143;0.04;2026.06.04 09:52:01;1.16096;;;1.62
2026.06.04 09:37:00;Buy;0.02;XAUUSD;4473.66;0.02;2026.06.04 09:52:00;4467.17;;;-11.18
2026.06.03 22:15:00;Buy;0.04;EURUSD;1.15988;0.04;2026.06.03 23:06:01;1.15976;;;-0.41
2026.06.03 22:15:01;Sell;0.02;XAUUSD;4449.78;0.02;2026.06.03 23:06:01;4440.13;;;16.64
2026.06.03 17:08:01;Buy;0.04;EURUSD;1.16034;0.04;2026.06.03 17:59:01;1.16109;;;2.58
2026.06.03 17:08:01;Sell;0.02;XAUUSD;4450.96;0.02;2026.06.03 17:59:00;4457.04;;;-10.47
2026.06.03 15:21:00;Buy;0.04;EURUSD;1.16109;0.04;2026.06.03 16:42:01;1.16049;;;-2.07
2026.06.03 15:21:00;Sell;0.02;XAUUSD;4461.46;0.02;2026.06.03 16:42:00;4445.73;;;27.11
2026.06.03 13:06:00;Sell;0.04;EURUSD;1.16208;0.04;2026.06.03 13:08:00;1.16193;;;0.52
2026.06.03 13:06:00;Buy;0.02;XAUUSD;4452.28;0.02;2026.06.03 13:08:00;4457.92;;;9.71
2026.06.03 04:24:00;Sell;0.04;EURUSD;1.16284;0.04;2026.06.03 05:30:00;1.16291;;;-0.24
2026.06.03 04:24:00;Buy;0.02;XAUUSD;4469.05;0.02;2026.06.03 05:30:00;4478.62;;;16.46
2026.06.02 19:42:00;Buy;0.04;EURUSD;1.16284;0.04;2026.06.02 21:46:00;1.16255;;;-1
2026.06.02 19:42:00;Sell;0.02;XAUUSD;4489.15;0.02;2026.06.02 21:46:00;4481.72;;;12.78
2026.06.02 17:36:01;Sell;0.04;EURUSD;1.16442;0.04;2026.06.02 18:06:01;1.16398;;;1.51
2026.06.02 17:36:01;Buy;0.02;XAUUSD;4502.14;0.02;2026.06.02 18:06:01;4503.34;;;2.06
2026.06.02 14:37:01;Sell;0.04;EURUSD;1.16475;0.04;2026.06.02 16:51:00;1.16424;;;1.75
2026.06.02 14:37:01;Buy;0.02;XAUUSD;4527.94;0.02;2026.06.02 16:51:00;4513.52;;;-24.77
2026.06.02 13:21:01;Buy;0.04;EURUSD;1.16401;0.04;2026.06.02 13:31:01;1.16422;;;0.72
2026.06.02 13:21:01;Sell;0.02;XAUUSD;4528.39;0.02;2026.06.02 13:31:01;4527.99;;;0.69
2026.06.02 12:14:01;Buy;0.04;EURUSD;1.16413;0.04;2026.06.02 12:28:01;1.16425;;;0.41
2026.06.02 12:14:01;Sell;0.02;XAUUSD;4533.4;0.02;2026.06.02 12:28:01;4528.76;;;7.97
2026.05.28 17:19:00;Sell;0.02;EURUSD;1.16532;0.02;2026.05.28 17:46:06;1.1655;;;-0.31
2026.05.28 17:19:00;Buy;0.02;XAUUSD;4468.7;0.02;2026.05.28 17:46:06;4478.53;;;16.87
2026.05.28 16:00:00;Sell;0.02;EURUSD;1.16363;0.02;2026.05.28 17:09:30;1.16302;;;1.05
2026.05.28 16:00:01;Buy;0.02;XAUUSD;4431.19;0.02;2026.05.28 17:09:30;4440.34;;;15.74
2026.05.28 15:55:00;Sell;0.02;EURUSD;1.16349;0.02;2026.05.28 15:59:27;1.16366;;;-0.29
2026.05.28 15:55:00;Buy;0.02;XAUUSD;4421.2;0.02;2026.05.28 15:59:27;4432.42;;;19.29
2026.05.28 15:51:00;Sell;0.02;EURUSD;1.16324;0.02;2026.05.28 15:54:24;1.16364;;;-0.69
2026.05.28 15:51:00;Buy;0.02;XAUUSD;4411.05;0.02;2026.05.28 15:54:24;4420.73;;;16.64
2026.05.28 15:39:00;Sell;0.02;EURUSD;1.16331;0.02;2026.05.28 15:50:12;1.16341;;;-0.17
2026.05.28 15:39:00;Buy;0.02;XAUUSD;4401.92;0.02;2026.05.28 15:50:12;4411.24;;;16.02
2026.05.28 15:16:00;Sell;0.02;EURUSD;1.16186;0.02;2026.05.28 15:38:55;1.16339;;;-2.63
2026.05.28 15:16:01;Buy;0.02;XAUUSD;4391.36;0.02;2026.05.28 15:38:55;4402.29;;;18.79
2026.05.28 14:54:00;Sell;0.02;EURUSD;1.16139;0.02;2026.05.28 15:15:10;1.16196;;;-0.98
2026.05.28 14:54:01;Buy;0.02;XAUUSD;4382.99;0.02;2026.05.28 15:15:09;4392.89;;;17.04
2026.05.28 11:53:00;Sell;0.02;EURUSD;1.16155;0.02;2026.05.28 13:08:03;1.16097;;;1
2026.05.28 11:53:00;Buy;0.02;XAUUSD;4391.13;0.02;2026.05.28 13:08:03;4396.6;;;9.42
2026.05.28 10:15:00;Sell;0.02;EURUSD;1.16161;0.02;2026.05.28 11:16:00;1.16102;;;1.02
2026.05.28 10:15:00;Buy;0.02;XAUUSD;4389.26;0.02;2026.05.28 11:16:00;4394.22;;;8.54
2026.05.26 12:09:06;Sell;0.02;EURUSD;1.16366;0.02;2026.05.26 13:27:59;1.16419;;;-0.91
2026.05.26 12:09:06;Buy;0.02;XAUUSD;4523.43;0.02;2026.05.26 13:27:59;4533.37;;;17.08
2026.05.26 11:03:01;Sell;0.02;EURUSD;1.16374;0.02;2026.05.26 12:04:01;1.16338;;;0.62
2026.05.26 11:03:02;Buy;0.02;XAUUSD;4535.63;0.02;2026.05.26 12:04:01;4523.73;;;-20.46
2026.05.26 10:31:01;Sell;0.02;EURUSD;1.16357;0.02;2026.05.26 10:57:46;1.16382;;;-0.43
2026.05.26 10:31:01;Buy;0.02;XAUUSD;4527.86;0.02;2026.05.26 10:57:46;4537.75;;;17
2026.05.26 10:06:00;Buy;0.02;EURUSD;1.16255;0.02;2026.05.26 10:11:01;1.1631;;;0.95
2026.05.26 10:06:01;Sell;0.02;XAUUSD;4530.8;0.02;2026.05.26 10:11:01;4528.97;;;3.15
2026.05.26 09:31:00;Sell;0.02;EURUSD;1.16355;0.02;2026.05.26 10:04:01;1.16329;;;0.45
2026.05.26 09:31:00;Buy;0.02;XAUUSD;4531.38;0.02;2026.05.26 10:04:00;4531.37;;;-0.02
2026.05.22 17:32:01;Sell;0.02;EURUSD;1.1599;0.02;2026.05.22 17:41:00;1.15989;;;0.02
2026.05.22 17:32:01;Buy;0.02;XAUUSD;4499.25;0.02;2026.05.22 17:41:00;4504.94;;;9.81
2026.05.22 14:38:01;Buy;0.02;EURUSD;1.15978;0.02;2026.05.22 15:41:00;1.16001;;;0.4
2026.05.22 14:38:01;Sell;0.02;XAUUSD;4517.75;0.02;2026.05.22 15:41:00;4517.16;;;1.02
2026.05.21 16:34:00;Buy;0.02;EURUSD;1.15844;0.02;2026.05.21 20:18:00;1.1615199999999999;;;5.3
2026.05.21 16:34:00;Sell;0.02;XAUUSD;4491.67;0.02;2026.05.21 20:18:00;4534.68;;;-74.05
2026.05.21 16:10:01;Buy;0.02;EURUSD;1.15946;0.02;2026.05.21 16:33:32;1.15832;;;-1.97
2026.05.21 16:10:01;Sell;0.02;XAUUSD;4504.69;0.02;2026.05.21 16:33:32;4493.69;;;18.99
2026.05.21 16:06:00;Buy;0.02;EURUSD;1.15993;0.02;2026.05.21 16:09:35;1.1593;;;-1.09
2026.05.21 16:06:01;Sell;0.02;XAUUSD;4512.19;0.02;2026.05.21 16:09:35;4502.63;;;16.49
2026.05.21 14:55:00;Buy;0.02;EURUSD;1.16029;0.02;2026.05.21 15:46:01;1.16071;;;0.72
2026.05.21 14:55:00;Sell;0.02;XAUUSD;4514.32;0.02;2026.05.21 15:46:00;4516.07;;;-3.02
2026.05.19 16:30:00;Sell;0.02;EURUSD;1.1605699999999999;0.02;2026.05.19 16:54:32;1.16125;;;-1.17
2026.05.19 16:30:01;Buy;0.02;XAUUSD;4492.21;0.02;2026.05.19 16:54:32;4502.45;;;17.64
2026.05.19 15:34:00;Buy;0.02;EURUSD;1.16197;0.02;2026.05.19 16:00:31;1.16158;;;-0.67
2026.05.19 15:34:01;Sell;0.02;XAUUSD;4544.22;0.02;2026.05.19 16:00:30;4534.2;;;17.25
2026.05.18 17:38:01;Sell;0.02;EURUSD;1.16454;0.02;2026.05.18 20:06:20;1.16525;;;-1.22
2026.05.18 17:38:01;Buy;0.02;XAUUSD;4547.83;0.02;2026.05.18 20:06:20;4558.07;;;17.58
2026.05.15 21:03:00;Buy;0.02;EURUSD;1.16254;0.02;2026.05.15 22:55:03;1.1620300000000001;;;-0.88
2026.05.15 21:03:00;Sell;0.02;XAUUSD;4558.18;0.02;2026.05.15 22:55:03;4548.1;;;17.35
2026.05.15 17:47:01;Buy;0.02;EURUSD;1.16245;0.02;2026.05.15 18:39:00;1.16252;;;0.12
2026.05.15 17:47:01;Sell;0.02;XAUUSD;4551.06;0.02;2026.05.15 18:39:00;4544.3;;;11.63
2026.05.15 15:38:01;Buy;0.02;EURUSD;1.16236;0.02;2026.05.15 16:01:00;1.16253;;;0.29
2026.05.15 15:38:01;Sell;0.02;XAUUSD;4549.68;0.02;2026.05.15 16:01:00;4542.82;;;11.8
2026.05.15 13:54:00;Sell;0.02;EURUSD;1.16522;0.02;2026.05.15 14:43:00;1.16351;;;2.94
2026.05.15 13:54:00;Buy;0.02;XAUUSD;4571.48;0.02;2026.05.15 14:43:00;4551.87;;;-33.71
2026.05.15 13:23:00;Sell;0.02;EURUSD;1.16384;0.02;2026.05.15 13:53:38;1.1656;;;-3.02
2026.05.15 13:23:01;Buy;0.02;XAUUSD;4561.26;0.02;2026.05.15 13:53:37;4572.39;;;19.1
2026.05.15 12:11:00;Buy;0.02;EURUSD;1.16226;0.02;2026.05.15 12:49:12;1.16222;;;-0.07
2026.05.15 12:11:01;Sell;0.02;XAUUSD;4548.19;0.02;2026.05.15 12:49:12;4538.77;;;16.21
2026.05.15 12:06:00;Buy;0.02;EURUSD;1.16299;0.02;2026.05.15 12:10:16;1.16215;;;-1.45
2026.05.15 12:06:00;Sell;0.02;XAUUSD;4562.67;0.02;2026.05.15 12:10:16;4551.07;;;19.96
2026.05.15 09:08:00;Sell;0.02;EURUSD;1.1642000000000001;0.02;2026.05.15 09:16:00;1.16411;;;0.15
2026.05.15 09:08:00;Buy;0.02;XAUUSD;4566.67;0.02;2026.05.15 09:16:00;4572.55;;;10.1
2026.05.15 08:26:01;Sell;0.02;EURUSD;1.16466;0.02;2026.05.15 08:53:00;1.16373;;;1.6
2026.05.15 08:26:01;Buy;0.02;XAUUSD;4584.78;0.02;2026.05.15 08:53:00;4570.77;;;-24.08
2026.05.15 03:31:00;Sell;0.02;EURUSD;1.16577;0.02;2026.05.15 04:42:00;1.16502;;;1.29
2026.05.15 03:31:00;Buy;0.02;XAUUSD;4624.37;0.02;2026.05.15 04:42:00;4619.68;;;-8.05
2026.05.12 22:46:00;Buy;0.02;EURUSD;1.17425;0.02;2026.05.13 03:59:01;1.17378;;-0.14;-0.8
2026.05.12 22:46:01;Sell;0.02;XAUUSD;4709.4;0.02;2026.05.13 03:59:00;4715.33;;0.81;-10.1
2026.05.12 18:23:00;Sell;0.02;EURUSD;1.17255;0.02;2026.05.12 18:28:14;1.1724999999999999;;;0.09
2026.05.12 18:23:01;Buy;0.02;XAUUSD;4645.51;0.02;2026.05.12 18:28:14;4654.89;;;16
2026.05.12 17:05:00;Buy;0.02;EURUSD;1.173;0.02;2026.05.12 17:29:01;1.17315;;;0.26
2026.05.12 17:05:00;Sell;0.02;XAUUSD;4690.27;0.02;2026.05.12 17:29:00;4683.32;;;11.85
2026.05.12 16:50:00;Buy;0.02;EURUSD;1.17296;0.02;2026.05.12 16:58:24;1.17291;;;-0.09
2026.05.12 16:50:00;Sell;0.02;XAUUSD;4691.93;0.02;2026.05.12 16:58:24;4682.27;;;16.47
2026.05.08 04:04:00;Buy;0.02;EURUSD;1.17294;0.02;2026.05.08 07:44:01;1.17313;;;0.32
2026.05.08 04:04:00;Sell;0.02;XAUUSD;4712.07;0.02;2026.05.08 07:44:01;4709.69;;;4.06
2026.05.07 23:57:01;Buy;0.02;EURUSD;1.17276;0.02;2026.05.08 01:37:02;1.17272;;-0.14;-0.07
2026.05.07 23:57:01;Sell;0.02;XAUUSD;4688.65;0.02;2026.05.08 01:37:02;4688.42;;0.83;0.39
2026.05.07 22:20:00;Buy;0.02;EURUSD;1.17409;0.02;2026.05.07 23:56:11;1.17283;;;-2.15
2026.05.07 22:20:00;Sell;0.02;XAUUSD;4701.79;0.02;2026.05.07 23:56:11;4690.95;;;18.48
2026.05.07 20:34:00;Buy;0.02;EURUSD;1.17403;0.02;2026.05.07 22:08:00;1.1753;;;2.16
2026.05.07 20:34:00;Sell;0.02;XAUUSD;4694.36;0.02;2026.05.07 22:08:00;4710.79;;;-27.96
2026.05.07 11:28:00;Sell;0.02;EURUSD;1.17689;0.02;2026.05.07 13:49:03;1.17683;;;0.1
2026.05.07 11:28:00;Buy;0.02;XAUUSD;4738.64;0.02;2026.05.07 13:49:02;4737.08;;;-2.65
2026.05.06 17:16:00;Buy;0.02;EURUSD;1.1747;0.02;2026.05.06 17:29:25;1.17466;;;-0.07
2026.05.06 17:16:01;Sell;0.02;XAUUSD;4716.56;0.02;2026.05.06 17:29:25;4707.05;;;16.19
2026.05.06 13:55:00;Sell;0.02;EURUSD;1.17944;0.02;2026.05.06 15:24:01;1.17566;;;6.43
2026.05.06 13:55:01;Buy;0.02;XAUUSD;4721.65;0.02;2026.05.06 15:24:00;4682.03;;;-67.41
2026.05.06 13:42:00;Sell;0.02;EURUSD;1.17753;0.02;2026.05.06 13:54:07;1.17967;;;-3.63
2026.05.06 13:42:00;Buy;0.02;XAUUSD;4710.94;0.02;2026.05.06 13:54:06;4722.89;;;20.26
2026.05.06 12:01:00;Sell;0.02;EURUSD;1.17599;0.02;2026.05.06 13:41:17;1.17774;;;-2.9699999999999998
2026.05.06 12:01:00;Buy;0.02;XAUUSD;4703;0.02;2026.05.06 13:41:17;4714.97;;;20.33
2026.05.06 11:51:01;Sell;0.02;EURUSD;1.17592;0.02;2026.05.06 12:00:18;1.17641;;;-0.83
2026.05.06 11:51:01;Buy;0.02;XAUUSD;4696.04;0.02;2026.05.06 12:00:18;4706.93;;;18.52
2026.05.06 11:34:00;Sell;0.02;EURUSD;1.17454;0.02;2026.05.06 11:50:25;1.17556;;;-1.74
2026.05.06 11:34:00;Buy;0.02;XAUUSD;4677.78;0.02;2026.05.06 11:50:25;4688.63;;;18.46
2026.05.06 07:38:01;Sell;0.02;EURUSD;1.17352;0.02;2026.05.06 08:23:01;1.17317;;;0.6
2026.05.06 07:38:01;Buy;0.02;XAUUSD;4650.54;0.02;2026.05.06 08:23:01;4651.32;;;1.33
2026.05.06 04:32:00;Buy;0.02;EURUSD;1.1721300000000001;0.02;2026.05.06 07:28:01;1.17258;;;0.77
2026.05.06 04:32:01;Sell;0.02;XAUUSD;4625.17;0.02;2026.05.06 07:28:01;4651.96;;;-45.69
2026.05.06 04:02:00;Buy;0.02;EURUSD;1.17203;0.02;2026.05.06 04:12:01;1.17199;;;-0.07
2026.05.06 04:02:01;Sell;0.02;XAUUSD;4619.1;0.02;2026.05.06 04:12:00;4611.74;;;12.56
2026.05.06 02:12:00;Sell;0.02;EURUSD;1.1718600000000001;0.02;2026.05.06 02:49:35;1.17177;;;0.15
2026.05.06 02:12:00;Buy;0.02;XAUUSD;4583.4;0.02;2026.05.06 02:49:35;4592.77;;;15.99
2026.05.06 01:57:00;Sell;0.02;EURUSD;1.17061;0.02;2026.05.06 02:11:41;1.17182;;;-2.07
2026.05.06 01:57:00;Buy;0.02;XAUUSD;4571.07;0.02;2026.05.06 02:11:41;4581.92;;;18.52
2026.05.06 01:53:01;Sell;0.02;EURUSD;1.16993;0.02;2026.05.06 01:55:30;1.1708;;;-1.49
2026.05.06 01:53:01;Buy;0.02;XAUUSD;4555.81;0.02;2026.05.06 01:55:30;4568.03;;;20.88
2026.05.05 19:37:00;Sell;0.02;EURUSD;1.17013;0.02;2026.05.05 21:15:01;1.16992;;;0.36
2026.05.05 19:37:00;Buy;0.02;XAUUSD;4557.52;0.02;2026.05.05 21:15:00;4564.37;;;11.71
2026.05.05 04:04:01;Buy;0.02;EURUSD;1.1685699999999999;0.02;2026.05.05 10:06:01;1.16892;;;0.6
2026.05.05 04:04:01;Sell;0.02;XAUUSD;4533.57;0.02;2026.05.05 10:06:01;4552.59;;;-32.54
2026.05.04 22:06:01;Sell;0.02;EURUSD;1.16968;0.02;2026.05.04 22:25:22;1.17018;;;-0.85
2026.05.04 22:06:01;Buy;0.02;XAUUSD;4515.98;0.02;2026.05.04 22:25:22;4525.84;;;16.85
2026.05.04 18:12:01;Sell;0.02;EURUSD;1.1715200000000001;0.02;2026.05.04 18:29:01;1.17008;;;2.46
2026.05.04 18:12:01;Buy;0.02;XAUUSD;4556.91;0.02;2026.05.04 18:29:01;4538.98;;;-30.65
2026.05.04 15:03:00;Buy;0.02;EURUSD;1.16971;0.02;2026.05.04 15:28:01;1.17062;;;1.55
2026.05.04 15:03:01;Sell;0.02;XAUUSD;4562.93;0.02;2026.05.04 15:28:01;4565.94;;;-5.14
2026.04.30 17:22:00;Sell;0.02;EURUSD;1.17084;0.02;2026.05.01 01:10:00;1.17337;;0.04;-4.31
2026.04.30 17:22:00;Buy;0.02;XAUUSD;4620.32;0.02;2026.05.01 01:10:00;4631.1;;-0.95;18.38
2026.04.30 16:25:00;Buy;0.02;EURUSD;1.16833;0.02;2026.04.30 16:36:05;1.16843;;;0.17
2026.04.30 16:25:00;Sell;0.02;XAUUSD;4635.5;0.02;2026.04.30 16:36:05;4626.2;;;15.92
2026.04.30 14:50:00;Sell;0.02;EURUSD;1.17161;0.02;2026.04.30 15:03:00;1.17018;;;2.44
2026.04.30 14:50:00;Buy;0.02;XAUUSD;4635.13;0.02;2026.04.30 15:03:00;4632.86;;;-3.88
2026.04.29 21:15:00;Buy;0.02;EURUSD;1.16751;0.02;2026.04.30 02:40:02;1.16843;;-0.43;1.5699999999999998
2026.04.29 21:15:00;Sell;0.02;XAUUSD;4525.31;0.02;2026.04.30 02:40:02;4555.02;;2.46;-50.85
2026.04.29 21:07:00;Buy;0.02;EURUSD;1.16804;0.02;2026.04.29 21:14:23;1.16747;;;-0.98
2026.04.29 21:07:00;Sell;0.02;XAUUSD;4537.59;0.02;2026.04.29 21:14:23;4527.87;;;16.65
2026.04.29 19:43:00;Buy;0.02;EURUSD;1.16887;0.02;2026.04.29 21:06:30;1.16801;;;-1.47
2026.04.29 19:43:00;Sell;0.02;XAUUSD;4549.45;0.02;2026.04.29 21:06:29;4539.15;;;17.64
2026.04.29 19:14:00;Buy;0.02;EURUSD;1.16917;0.02;2026.04.29 19:36:52;1.16875;;;-0.72
2026.04.29 19:14:00;Sell;0.02;XAUUSD;4558.6;0.02;2026.04.29 19:36:52;4548.91;;;16.58
2026.04.28 15:49:00;Sell;0.02;EURUSD;1.16975;0.02;2026.04.29 03:10:02;1.17188;;0.05;-3.64
2026.04.28 15:49:00;Buy;0.02;XAUUSD;4596.48;0.02;2026.04.29 03:10:02;4608.56;;-0.93;20.62
2026.04.28 15:36:00;Sell;0.02;EURUSD;1.16936;0.02;2026.04.28 15:47:33;1.1697899999999999;;;-0.74
2026.04.28 15:36:00;Buy;0.02;XAUUSD;4583.37;0.02;2026.04.28 15:47:33;4593.45;;;17.24
2026.04.28 14:06:00;Sell;0.02;EURUSD;1.16986;0.02;2026.04.28 15:02:00;1.16795;;;3.27
2026.04.28 14:06:00;Buy;0.02;XAUUSD;4605.68;0.02;2026.04.28 15:02:00;4557.1;;;-83.19
2026.04.28 12:38:01;Buy;0.02;EURUSD;1.1687;0.02;2026.04.28 12:47:00;1.16934;;;1.09
2026.04.28 12:38:01;Sell;0.02;XAUUSD;4610.41;0.02;2026.04.28 12:47:00;4613.99;;;-6.12
2026.04.28 11:18:01;Sell;0.02;EURUSD;1.17064;0.02;2026.04.28 11:30:49;1.1706699999999999;;;-0.05
2026.04.28 11:18:01;Buy;0.02;XAUUSD;4620.91;0.02;2026.04.28 11:30:49;4630.27;;;15.99
2026.04.28 10:11:00;Buy;0.02;EURUSD;1.16924;0.02;2026.04.28 10:20:01;1.16989;;;1.11
2026.04.28 10:11:01;Sell;0.02;XAUUSD;4634.23;0.02;2026.04.28 10:20:01;4633.46;;;1.32
2026.04.28 02:39:16;Buy;0.02;EURUSD;1.17225;0.02;2026.04.28 04:50:49;1.1712799999999999;;;-1.6600000000000001
2026.04.28 02:39:16;Sell;0.02;XAUUSD;4692.87;0.02;2026.04.28 04:50:49;4682.21;;;18.2
2026.04.24 23:05:01;Sell;0.02;EURUSD;1.17192;0.02;2026.04.27 01:02:00;1.17093;;0.04;1.69
2026.04.24 23:05:01;Buy;0.02;XAUUSD;4711.48;0.02;2026.04.27 01:02:00;4695.65;;-0.96;-27.04
2026.04.23 13:13:00;Buy;0.02;EURUSD;1.16866;0.02;2026.04.23 17:16:00;1.16992;;;2.15
2026.04.23 13:13:00;Sell;0.02;XAUUSD;4689.05;0.02;2026.04.23 17:16:00;4726.18;;;-63.47
2026.04.23 12:38:00;Buy;0.02;EURUSD;1.16941;0.02;2026.04.23 13:12:05;1.16851;;;-1.54
2026.04.23 12:38:01;Sell;0.02;XAUUSD;4699.92;0.02;2026.04.23 13:12:04;4687.89;;;20.59
2026.04.23 05:09:02;Sell;0.02;EURUSD;1.17077;0.02;2026.04.23 06:25:01;1.16974;;;1.76
2026.04.23 05:09:02;Buy;0.02;XAUUSD;4713.81;0.02;2026.04.23 06:25:01;4704.61;;;-15.73
2026.04.23 03:47:00;Buy;0.02;EURUSD;1.17131;0.02;2026.04.23 04:11:11;1.17094;;;-0.63
2026.04.23 03:47:01;Sell;0.02;XAUUSD;4748.81;0.02;2026.04.23 04:11:10;4738.39;;;17.8
2026.04.23 03:10:00;Sell;0.02;EURUSD;1.17037;0.02;2026.04.23 03:20:22;1.17127;;;-1.54
2026.04.23 03:10:01;Buy;0.02;XAUUSD;4715.43;0.02;2026.04.23 03:20:22;4725.33;;;16.91
2026.04.22 20:04:01;Buy;0.02;EURUSD;1.1714;0.02;2026.04.23 01:27:02;1.17068;;-0.43;-1.23
2026.04.22 20:04:01;Sell;0.02;XAUUSD;4734.95;0.02;2026.04.23 01:27:02;4734.86;;2.5;0.15
2026.04.22 06:02:00;Buy;0.02;EURUSD;1.17394;0.02;2026.04.22 08:17:00;1.17514;;;2.04
2026.04.22 06:02:00;Sell;0.02;XAUUSD;4753.05;0.02;2026.04.22 08:17:00;4762.72;;;-16.46
2026.04.21 23:21:00;Sell;0.02;EURUSD;1.17498;0.02;2026.04.21 23:36:01;1.17468;;;0.51
2026.04.21 23:21:00;Buy;0.02;XAUUSD;4703.89;0.02;2026.04.21 23:36:00;4710.53;;;11.31
2026.04.21 23:11:00;Sell;0.02;EURUSD;1.1750099999999999;0.02;2026.04.21 23:16:25;1.17486;;;0.26
2026.04.21 23:11:00;Buy;0.02;XAUUSD;4693.34;0.02;2026.04.21 23:16:25;4703.4;;;17.13
2026.04.21 23:10:00;Sell;0.02;EURUSD;1.1742;0.02;2026.04.21 23:10:50;1.17513;;;-1.58
2026.04.21 23:10:01;Buy;0.02;XAUUSD;4682.24;0.02;2026.04.21 23:10:50;4692.31;;;17.14
2026.04.21 20:43:00;Sell;0.02;EURUSD;1.17532;0.02;2026.04.21 20:56:01;1.17403;;;2.2
2026.04.21 20:43:01;Buy;0.02;XAUUSD;4716.44;0.02;2026.04.21 20:56:00;4706.91;;;-16.24
2026.04.21 20:12:00;Buy;0.02;EURUSD;1.17289;0.02;2026.04.21 20:30:00;1.17316;;;0.46
2026.04.21 20:12:00;Sell;0.02;XAUUSD;4705.43;0.02;2026.04.21 20:30:00;4699.99;;;9.27
2026.04.21 17:38:00;Sell;0.02;EURUSD;1.17685;0.02;2026.04.21 17:59:00;1.17526;;;2.71
2026.04.21 17:38:00;Buy;0.02;XAUUSD;4764.91;0.02;2026.04.21 17:59:00;4738.78;;;-44.47
2026.04.21 11:01:00;Buy;0.02;EURUSD;1.1764999999999999;0.02;2026.04.21 14:25:00;1.17652;;;0.03
2026.04.21 11:01:00;Sell;0.02;XAUUSD;4784.94;0.02;2026.04.21 14:25:00;4781.94;;;5.1
2026.04.17 16:50:00;Sell;0.01;XAUUSD;4865.75;0.01;2026.04.20 01:02:00;4779.6;;0.42;73.42
2026.04.17 16:50:00;Buy;0.03;EURUSD;1.18289;0.03;2026.04.20 01:00:02;1.17288;;-0.21;-25.6
2026.04.17 16:08:00;Sell;0.03;EURUSD;1.18463;0.03;2026.04.17 16:11:00;1.18488;;;-0.63
2026.04.17 16:08:00;Buy;0.01;XAUUSD;4856.41;0.01;2026.04.17 16:11:00;4877.71;;;17.98
2026.04.14 12:36:03;Sell;0.03;EURUSD;1.1785;0.03;2026.04.14 16:25:01;1.18004;;;-3.92
2026.04.14 12:36:03;Buy;0.01;XAUUSD;4774.69;0.01;2026.04.14 16:25:00;4791.17;;;13.97
2026.04.14 10:35:00;Sell;0.03;EURUSD;1.17883;0.03;2026.04.14 11:05:01;1.1780599999999999;;;1.96
2026.04.14 10:35:01;Buy;0.01;XAUUSD;4772.8;0.01;2026.04.14 11:05:00;4777.99;;;4.41
2026.04.13 17:23:00;Sell;0.03;EURUSD;1.1708;0.03;2026.04.13 20:26:39;1.1736900000000001;;;-7.39
2026.04.13 17:23:00;Buy;0.01;XAUUSD;4716.92;0.01;2026.04.13 20:26:39;4749.05;;;27.38
2026.04.10 12:20:01;Sell;0.03;EURUSD;1.17061;0.03;2026.04.10 17:25:05;1.17374;;;-8
2026.04.10 12:20:01;Buy;0.01;XAUUSD;4758.18;0.01;2026.04.10 17:25:05;4791.08;;;28.03
2026.04.10 11:01:00;Buy;0.03;EURUSD;1.16792;0.03;2026.04.10 11:10:01;1.1684;;;1.23
2026.04.10 11:01:01;Sell;0.01;XAUUSD;4751.48;0.01;2026.04.10 11:10:01;4749.96;;;1.3
2026.04.09 22:34:01;Sell;0.03;EURUSD;1.17065;0.03;2026.04.09 23:05:00;1.1699;;;1.92
2026.04.09 22:34:01;Buy;0.01;XAUUSD;4772.82;0.01;2026.04.09 23:05:00;4770.31;;;-2.15
2026.04.09 19:17:00;Sell;0.03;EURUSD;1.17118;0.03;2026.04.09 20:53:01;1.17145;;;-0.69
2026.04.09 19:17:01;Buy;0.01;XAUUSD;4791.56;0.01;2026.04.09 20:53:01;4797.16;;;4.78
2026.04.09 16:43:00;Buy;0.03;EURUSD;1.16923;0.03;2026.04.09 18:21:01;1.16952;;;0.74
2026.04.09 16:43:01;Sell;0.01;XAUUSD;4775.26;0.01;2026.04.09 18:21:00;4783.52;;;-7.06
2026.04.09 16:02:00;Sell;0.03;EURUSD;1.1685699999999999;0.03;2026.04.09 16:08:02;1.16849;;;0.21
2026.04.09 16:02:00;Buy;0.01;XAUUSD;4741.37;0.01;2026.04.09 16:08:02;4748.55;;;6.15
2026.04.09 15:17:00;Sell;0.03;EURUSD;1.16842;0.03;2026.04.09 15:36:01;1.16808;;;0.87
2026.04.09 15:17:00;Buy;0.01;XAUUSD;4741.52;0.01;2026.04.09 15:36:00;4743.29;;;1.52
2026.04.08 12:10:01;Sell;0.03;EURUSD;1.1685699999999999;0.03;2026.04.08 18:28:01;1.1691;;;-1.3599999999999999
2026.04.08 12:10:01;Buy;0.01;XAUUSD;4797.28;0.01;2026.04.08 18:28:01;4753.4;;;-37.54
2026.04.08 10:37:00;Sell;0.03;EURUSD;1.16928;0.03;2026.04.08 11:19:01;1.16877;;;1.31
2026.04.08 10:37:00;Buy;0.01;XAUUSD;4810.78;0.01;2026.04.08 11:19:01;4817.63;;;5.86
2026.04.08 09:40:01;Sell;0.03;EURUSD;1.17065;0.03;2026.04.08 10:11:00;1.1683;;;6.03
2026.04.08 09:40:01;Buy;0.01;XAUUSD;4831.68;0.01;2026.04.08 10:11:00;4812.36;;;-16.54
2026.04.08 07:18:01;Sell;0.03;EURUSD;1.16801;0.03;2026.04.08 08:05:01;1.16765;;;0.92
2026.04.08 07:18:01;Buy;0.01;XAUUSD;4792.83;0.01;2026.04.08 08:05:01;4806.17;;;11.43
2026.04.08 04:25:00;Sell;0.03;EURUSD;1.16831;0.03;2026.04.08 04:58:01;1.16755;;;1.95
2026.04.08 04:25:01;Buy;0.01;XAUUSD;4801.69;0.01;2026.04.08 04:58:01;4809;;;6.26
2026.04.08 02:26:00;Sell;0.03;EURUSD;1.16799;0.03;2026.04.08 02:59:01;1.16858;;;-1.51
2026.04.08 02:26:01;Buy;0.01;XAUUSD;4812.69;0.01;2026.04.08 02:59:01;4835.49;;;19.51
2026.04.07 13:50:00;Sell;0.03;EURUSD;1.15491;0.03;2026.04.07 20:35:00;1.15735;;;-6.32
2026.04.07 13:50:00;Buy;0.01;XAUUSD;4650.54;0.01;2026.04.07 20:35:00;4672.26;;;18.77
2026.04.07 12:31:01;Sell;0.03;EURUSD;1.15701;0.03;2026.04.07 13:10:00;1.15574;;;3.3
2026.04.07 12:31:01;Buy;0.01;XAUUSD;4682.08;0.01;2026.04.07 13:10:00;4674.23;;;-6.79
2026.04.06 21:23:00;Sell;0.03;EURUSD;1.15517;0.03;2026.04.06 23:12:01;1.15417;;;2.6
2026.04.06 21:23:00;Buy;0.01;XAUUSD;4661.59;0.01;2026.04.06 23:12:01;4655.26;;;-5.48
2026.04.06 15:59:00;Sell;0.03;EURUSD;1.15539;0.03;2026.04.06 17:54:00;1.1552;;;0.49
2026.04.06 15:59:00;Buy;0.01;XAUUSD;4675.08;0.01;2026.04.06 17:54:00;4684.83;;;8.44
2026.04.02 17:25:00;Buy;0.03;EURUSD;1.15333;0.03;2026.04.02 17:39:01;1.15422;;;2.31
2026.04.02 17:25:00;Sell;0.01;XAUUSD;4675.2;0.01;2026.04.02 17:39:00;4673.59;;;1.3900000000000001
2026.04.02 16:01:00;Sell;0.03;EURUSD;1.15248;0.03;2026.04.02 16:45:00;1.1522999999999999;;;0.47
2026.04.02 16:01:00;Buy;0.01;XAUUSD;4584.93;0.01;2026.04.02 16:45:00;4601.37;;;14.27
2026.04.02 13:49:00;Buy;0.03;EURUSD;1.15143;0.03;2026.04.02 14:33:00;1.15141;;;-0.05
2026.04.02 13:49:00;Sell;0.01;XAUUSD;4627.94;0.01;2026.04.02 14:33:00;4609.73;;;15.81
2026.04.02 13:15:00;Buy;0.03;EURUSD;1.15163;0.03;2026.04.02 13:23:02;1.15154;;;-0.23
2026.04.02 13:15:00;Sell;0.01;XAUUSD;4625.19;0.01;2026.04.02 13:23:02;4608.2;;;14.75
2026.04.01 18:23:00;Buy;0.03;EURUSD;1.16155;0.03;2026.04.02 01:08:01;1.1592500000000001;;-0.65;-5.95
2026.04.01 18:23:01;Sell;0.01;XAUUSD;4774.4;0.01;2026.04.02 01:08:00;4758.91;;1.29;13.36
2026.04.01 17:27:00;Sell;0.03;EURUSD;1.16123;0.03;2026.04.01 17:39:01;1.16124;;;-0.03
2026.04.01 17:27:00;Buy;0.01;XAUUSD;4733.81;0.01;2026.04.01 17:39:00;4746.57;;;10.99
2026.04.01 15:46:00;Sell;0.03;EURUSD;1.16168;0.03;2026.04.01 17:05:00;1.16075;;;2.4
2026.04.01 15:46:00;Buy;0.01;XAUUSD;4746.77;0.01;2026.04.01 17:05:00;4745.34;;;-1.23
2026.04.01 14:41:01;Buy;0.03;EURUSD;1.16023;0.03;2026.04.01 14:57:00;1.16068;;;1.16
2026.04.01 14:41:01;Sell;0.01;XAUUSD;4757.89;0.01;2026.04.01 14:57:00;4754.59;;;2.84
2026.04.01 13:05:00;Sell;0.03;EURUSD;1.15958;0.03;2026.04.01 13:36:00;1.15988;;;-0.78
2026.04.01 13:05:00;Buy;0.01;XAUUSD;4718.9;0.01;2026.04.01 13:36:00;4731.21;;;10.61
2026.04.01 11:27:01;Sell;0.03;EURUSD;1.15987;0.03;2026.04.01 12:25:00;1.15865;;;3.16
2026.04.01 11:27:01;Buy;0.01;XAUUSD;4732.88;0.01;2026.04.01 12:25:00;4720.7;;;-10.51
2026.04.01 10:47:00;Sell;0.03;EURUSD;1.15966;0.03;2026.04.01 10:49:00;1.15858;;;2.8
2026.04.01 10:47:00;Buy;0.01;XAUUSD;4728.29;0.01;2026.04.01 10:49:00;4724.89;;;-2.93
2026.04.01 10:18:01;Sell;0.03;EURUSD;1.15896;0.03;2026.04.01 10:33:00;1.15886;;;0.26
2026.04.01 10:18:01;Buy;0.01;XAUUSD;4714.61;0.01;2026.04.01 10:33:00;4729.09;;;12.5
2026.04.01 09:28:00;Sell;0.03;EURUSD;1.15863;0.03;2026.04.01 09:50:01;1.15855;;;0.21
2026.04.01 09:28:01;Buy;0.01;XAUUSD;4708.74;0.01;2026.04.01 09:50:01;4724.92;;;13.97
2026.03.31 21:39:00;Buy;0.03;EURUSD;1.15469;0.03;2026.03.31 23:03:00;1.1562000000000001;;;3.92
2026.03.31 21:39:00;Sell;0.01;XAUUSD;4670.67;0.01;2026.03.31 23:03:00;4684.29;;;-11.78
2026.03.31 14:43:01;Sell;0.03;EURUSD;1.14828;0.03;2026.03.31 18:35:00;1.15192;;;-9.48
2026.03.31 14:43:01;Buy;0.01;XAUUSD;4586.97;0.01;2026.03.31 18:35:00;4614.31;;;23.74
2026.03.31 14:28:01;Sell;0.03;EURUSD;1.14818;0.03;2026.03.31 14:30:00;1.14751;;;1.75
2026.03.31 14:28:01;Buy;0.01;XAUUSD;4580.73;0.01;2026.03.31 14:30:00;4575.29;;;-4.74
2026.03.31 13:51:00;Buy;0.03;EURUSD;1.14595;0.03;2026.03.31 14:26:01;1.14748;;;4
2026.03.31 13:51:01;Sell;0.01;XAUUSD;4548.03;0.01;2026.03.31 14:26:00;4579.42;;;-27.35
2026.03.23 21:38:01;Buy;0.01;XAUUSD;4450.1;0.01;2026.03.24 01:02:00;4418.23;;-0.47;-27.44
2026.03.23 21:38:00;Sell;0.03;EURUSD;1.16319;0.03;2026.03.24 01:01:01;1.16149;;0.07;4.39
2026.03.18 23:30:00;Buy;0.03;EURUSD;1.14531;0.03;2026.03.19 03:28:04;1.14684;;-0.66;4
2026.03.18 23:30:01;Sell;0.01;XAUUSD;4809.55;0.01;2026.03.19 03:28:03;4838.87;;1.4;-25.56
2026.03.18 22:52:00;Buy;0.03;EURUSD;1.14709;0.03;2026.03.18 23:29:09;1.14526;;;-4.79
2026.03.18 22:52:00;Sell;0.01;XAUUSD;4843.92;0.01;2026.03.18 23:29:09;4811.01;;;28.73
2026.03.18 21:39:00;Buy;0.03;EURUSD;1.14984;0.03;2026.03.18 22:51:22;1.14717;;;-6.98
2026.03.18 21:39:00;Sell;0.01;XAUUSD;4877.11;0.01;2026.03.18 22:51:22;4841.5;;;31.04
2026.03.18 20:12:00;Buy;0.03;EURUSD;1.15044;0.03;2026.03.18 20:46:00;1.15136;;;2.4
2026.03.18 20:12:00;Sell;0.01;XAUUSD;4884.52;0.01;2026.03.18 20:46:00;4895.03;;;-9.13
2026.03.16 02:06:01;Sell;0.03;EURUSD;1.14301;0.03;2026.03.16 07:12:01;1.1449;;;-4.95
2026.03.16 02:06:01;Buy;0.01;XAUUSD;5005.71;0.01;2026.03.16 07:12:01;5025.23;;;17.05
2026.03.12 23:31:00;Sell;0.03;EURUSD;1.15107;0.03;2026.03.12 23:56:02;1.1513;;;-0.6
2026.03.12 23:31:01;Buy;0.01;XAUUSD;5057.53;0.01;2026.03.12 23:56:02;5079.83;;;19.37
2026.03.12 20:42:00;Sell;0.03;EURUSD;1.15236;0.03;2026.03.12 21:28:01;1.15171;;;1.69
2026.03.12 20:42:01;Buy;0.01;XAUUSD;5105.98;0.01;2026.03.12 21:28:01;5104.87;;;-0.96
2026.03.12 10:32:01;Buy;0.03;EURUSD;1.15488;0.03;2026.03.12 13:39:01;1.15544;;;1.45
2026.03.12 10:32:01;Sell;0.01;XAUUSD;5171.83;0.01;2026.03.12 13:39:01;5178.22;;;-5.53
2026.03.12 04:52:01;Buy;0.03;EURUSD;1.15522;0.03;2026.03.12 05:52:00;1.15363;;;-4.13
2026.03.12 04:52:01;Sell;0.01;XAUUSD;5170.52;0.01;2026.03.12 05:52:00;5146.85;;;20.52
2026.03.12 03:01:00;Sell;0.03;EURUSD;1.15409;0.03;2026.03.12 03:10:01;1.15375;;;0.88
2026.03.12 03:01:01;Buy;0.01;XAUUSD;5129.03;0.01;2026.03.12 03:10:01;5136.73;;;6.67
2026.03.12 01:57:00;Sell;0.03;EURUSD;1.15497;0.03;2026.03.12 02:13:01;1.1549800000000001;;;-0.03
2026.03.12 01:57:01;Buy;0.01;XAUUSD;5136.39;0.01;2026.03.12 02:13:00;5150.51;;;12.23
2026.03.11 22:58:01;Sell;0.01;XAUUSD;5183.01;0.01;2026.03.12 01:02:00;5180.49;;1.41;2.18
2026.03.11 22:58:00;Buy;0.03;EURUSD;1.15746;0.03;2026.03.12 01:00:02;1.15726;;-0.64;-0.52
2026.03.11 19:48:00;Buy;0.03;EURUSD;1.15696;0.03;2026.03.11 20:27:01;1.1573;;;0.88
2026.03.11 19:48:00;Sell;0.01;XAUUSD;5176.25;0.01;2026.03.11 20:27:00;5170.44;;;5.02
2026.03.05 22:12:00;Sell;0.03;EURUSD;1.1599;0.03;2026.03.06 03:38:58;1.16161;;0.07;-4.42
2026.03.05 22:12:00;Buy;0.01;XAUUSD;5074.42;0.01;2026.03.06 03:38:58;5108.16;;-0.54;29.05
2026.03.03 21:42:00;Sell;0.03;EURUSD;1.16231;0.03;2026.03.04 01:24:01;1.16176;;0.07;1.42
2026.03.03 21:42:01;Buy;0.01;XAUUSD;5112.79;0.01;2026.03.04 01:24:00;5126.85;;-0.54;12.1
2026.03.03 18:57:00;Sell;0.03;EURUSD;1.16031;0.03;2026.03.03 20:40:34;1.16183;;;-3.92
2026.03.03 18:57:00;Buy;0.01;XAUUSD;5102.31;0.01;2026.03.03 20:40:33;5134.64;;;27.83
2026.03.03 16:46:00;Sell;0.03;EURUSD;1.15725;0.03;2026.03.03 17:20:00;1.1534;;;10.01
2026.03.03 16:46:00;Buy;0.01;XAUUSD;5060.77;0.01;2026.03.03 17:20:00;5022.91;;;-32.83
2026.03.03 15:08:01;Sell;0.03;EURUSD;1.16096;0.03;2026.03.03 15:21:00;1.16023;;;1.8900000000000001
2026.03.03 15:08:01;Buy;0.01;XAUUSD;5158.61;0.01;2026.03.03 15:21:00;5180.53;;;18.89
2026.03.02 14:48:00;Buy;0.03;EURUSD;1.17077;0.03;2026.03.02 16:10:12;1.17073;;;-0.1
2026.03.02 14:48:01;Sell;0.01;XAUUSD;5395.14;0.01;2026.03.02 16:10:12;5366.21;;;24.71
2026.03.02 09:03:00;Buy;0.03;EURUSD;1.17309;0.03;2026.03.02 11:06:01;1.17368;;;1.51
2026.03.02 09:03:01;Sell;0.01;XAUUSD;5388.48;0.01;2026.03.02 11:06:00;5396.49;;;-6.82
2026.02.25 22:16:00;Sell;0.03;EURUSD;1.18058;0.03;2026.02.26 06:13:05;1.1814;;0.23;-2.08
2026.02.25 22:16:00;Buy;0.01;XAUUSD;5191.51;0.01;2026.02.26 06:13:05;5196.48;;-1.69;4.21
2026.02.25 13:28:00;Buy;0.03;EURUSD;1.17733;0.03;2026.02.25 14:50:00;1.1785;;;2.98
2026.02.25 13:28:00;Sell;0.01;XAUUSD;5168.39;0.01;2026.02.25 14:50:00;5182.11;;;-11.64
2026.02.23 11:17:00;Buy;0.03;EURUSD;1.18052;0.03;2026.02.23 16:58:00;1.18087;;;0.89
2026.02.23 11:17:00;Sell;0.01;XAUUSD;5146.57;0.01;2026.02.23 16:58:00;5195.29;;;-41.25
2026.02.23 02:01:01;Sell;0.03;EURUSD;1.18298;0.03;2026.02.23 03:19:00;1.1826;;;0.96
2026.02.23 02:01:01;Buy;0.01;XAUUSD;5144.68;0.01;2026.02.23 03:19:00;5150.81;;;5.18
2026.02.19 01:02:01;Buy;0.03;EURUSD;1.1789399999999999;0.03;2026.02.19 03:54:01;1.17947;;;1.35
2026.02.19 01:02:01;Sell;0.01;XAUUSD;4969.01;0.01;2026.02.19 03:54:01;4974.41;;;-4.58
2026.02.18 19:00:01;Sell;0.01;XAUUSD;5001.34;0.01;2026.02.19 01:02:00;4968.53;;1.3900000000000001;27.83
2026.02.18 19:00:01;Buy;0.03;EURUSD;1.18102;0.03;2026.02.19 01:01:37;1.17871;;-0.65;-5.88
2026.02.17 07:17:02;Sell;0.03;EURUSD;1.18378;0.03;2026.02.17 09:02:01;1.18414;;;-0.91
2026.02.17 07:17:02;Buy;0.01;XAUUSD;4913.41;0.01;2026.02.17 09:02:00;4904.3;;;-7.6899999999999995
2026.02.09 01:03:00;Buy;0.03;EURUSD;1.18167;0.03;2026.02.09 02:04:01;1.18311;;;3.65
2026.02.09 01:03:01;Sell;0.01;XAUUSD;4984.19;0.01;2026.02.09 02:04:00;5030.39;;;-39.05
2026.02.09 01:01:00;Buy;0.03;EURUSD;1.18181;0.03;2026.02.09 01:01:01;1.18125;;;-1.42
2026.02.06 17:51:00;Sell;0.03;EURUSD;1.18166;0.03;2026.02.06 18:58:00;1.1813500000000001;;;0.79
2026.02.06 17:51:00;Buy;0.01;XAUUSD;4942.67;0.01;2026.02.06 18:58:00;4949.49;;;5.77
2026.02.06 17:01:01;Sell;0.03;EURUSD;1.18194;0.03;2026.02.06 17:24:01;1.18107;;;2.21
2026.02.06 17:01:01;Buy;0.01;XAUUSD;4942.69;0.01;2026.02.06 17:24:01;4950.89;;;6.9399999999999995
2026.02.06 16:06:01;Sell;0.03;EURUSD;1.18126;0.03;2026.02.06 17:00:10;1.1821;;;-2.13
2026.02.06 16:06:01;Buy;0.01;XAUUSD;4928.15;0.01;2026.02.06 17:00:10;4955.72;;;23.32
2026.02.04 19:14:01;Sell;0.02;EURUSD;1.18107;0.02;2026.02.04 19:31:00;1.18056;;;0.86
2026.02.04 19:14:02;Buy;0.01;XAUUSD;4920.48;0.01;2026.02.04 19:31:00;4925.81;;;4.52
2026.02.04 19:02:00;Sell;0.02;EURUSD;1.18071;0.02;2026.02.04 19:12:08;1.18096;;;-0.42
2026.02.04 19:02:01;Buy;0.01;XAUUSD;4900.52;0.01;2026.02.04 19:12:08;4918.49;;;15.22
2026.02.04 11:37:00;Buy;0.02;EURUSD;1.182;0.02;2026.02.04 13:16:01;1.18085;;;-1.95
2026.02.04 11:37:01;Sell;0.01;XAUUSD;5055.38;0.01;2026.02.04 13:16:01;5034.66;;;17.55
2026.02.04 10:13:00;Sell;0.02;EURUSD;1.18371;0.02;2026.02.04 10:16:01;1.18324;;;0.79
2026.02.04 10:13:01;Buy;0.01;XAUUSD;5083.58;0.01;2026.02.04 10:16:00;5082.38;;;-1.01
2026.02.03 11:35:00;Buy;0.02;EURUSD;1.18039;0.02;2026.02.03 15:06:00;1.18024;;;-0.25
2026.02.03 11:35:00;Sell;0.01;XAUUSD;4897.52;0.01;2026.02.03 15:06:00;4926.93;;;-24.92
2026.02.03 11:15:01;Buy;0.02;EURUSD;1.1807;0.02;2026.02.03 11:20:00;1.1811;;;0.68
2026.02.03 11:15:01;Sell;0.01;XAUUSD;4916.16;0.01;2026.02.03 11:20:00;4906.48;;;8.2
2026.02.03 10:17:00;Buy;0.02;EURUSD;1.18093;0.02;2026.02.03 10:52:00;1.1816;;;1.13
2026.02.03 10:17:00;Sell;0.01;XAUUSD;4936.73;0.01;2026.02.03 10:52:00;4933.75;;;2.52
2026.02.02 03:26:00;Sell;0.02;EURUSD;1.18605;0.02;2026.02.02 03:26:11;1.18624;;;-0.32
2026.02.02 03:26:01;Buy;0.01;XAUUSD;4663.74;0.01;2026.02.02 03:26:11;4681.32;;;14.82
2026.02.02 03:19:00;Sell;0.02;EURUSD;1.18605;0.02;2026.02.02 03:20:25;1.1861;;;-0.08
2026.02.02 03:19:00;Buy;0.01;XAUUSD;4671.92;0.01;2026.02.02 03:20:25;4690.25;;;15.46
2026.02.02 03:10:01;Sell;0.02;EURUSD;1.18574;0.02;2026.02.02 03:15:52;1.18551;;;0.39
2026.02.02 03:10:01;Buy;0.01;XAUUSD;4652.63;0.01;2026.02.02 03:15:52;4671.98;;;16.32
2026.01.30 23:53:00;Sell;0.01;XAUUSD;4888.25;0.01;2026.02.02 01:02:00;4809.55;;0.44;66.43
2026.01.30 23:53:00;Buy;0.02;EURUSD;1.18535;0.02;2026.02.02 01:00:02;1.18469;;-0.14;-1.11
2026.01.30 23:31:00;Buy;0.02;EURUSD;1.1851;0.02;2026.01.30 23:38:25;1.18497;;;-0.22
2026.01.30 23:31:00;Sell;0.01;XAUUSD;4878.36;0.01;2026.01.30 23:38:25;4860.08;;;15.43
2026.01.30 23:24:01;Buy;0.02;EURUSD;1.18527;0.02;2026.01.30 23:27:51;1.18504;;;-0.39
2026.01.30 23:24:02;Sell;0.01;XAUUSD;4882.05;0.01;2026.01.30 23:27:50;4863.59;;;15.58
2026.01.30 22:18:01;Buy;0.02;EURUSD;1.18596;0.02;2026.01.30 22:32:47;1.18561;;;-0.59
2026.01.30 22:18:01;Sell;0.01;XAUUSD;4890.72;0.01;2026.01.30 22:32:47;4871.35;;;16.34
2026.01.30 21:52:00;Buy;0.02;EURUSD;1.18671;0.02;2026.01.30 22:00:53;1.18672;;;0.02
2026.01.30 21:52:00;Sell;0.01;XAUUSD;4927.59;0.01;2026.01.30 22:00:52;4909.11;;;15.57
2026.01.29 12:59:01;Buy;0.02;EURUSD;1.19408;0.02;2026.01.29 15:05:01;1.19644;;;3.95
2026.01.29 12:59:01;Sell;0.01;XAUUSD;5483.45;0.01;2026.01.29 15:05:01;5534.36;;;-42.55
2026.01.29 12:07:00;Buy;0.02;EURUSD;1.1954;0.02;2026.01.29 12:58:16;1.19409;;;-2.19
2026.01.29 12:07:01;Sell;0.01;XAUUSD;5504.07;0.01;2026.01.29 12:58:15;5483.63;;;17.12
2026.01.29 11:50:00;Buy;0.02;EURUSD;1.19586;0.02;2026.01.29 12:06:50;1.19528;;;-0.97
2026.01.29 11:50:00;Sell;0.01;XAUUSD;5521.79;0.01;2026.01.29 12:06:50;5502.61;;;16.05
2026.01.28 15:40:00;Buy;0.02;EURUSD;1.19637;0.02;2026.01.28 16:40:01;1.19739;;;1.7
2026.01.28 15:40:00;Sell;0.01;XAUUSD;5264.01;0.01;2026.01.28 16:40:01;5282.36;;;-15.32
2026.01.28 15:23:00;Buy;0.02;EURUSD;1.1959;0.02;2026.01.28 15:38:07;1.19666;;;1.27
2026.01.28 15:23:01;Sell;0.01;XAUUSD;5282.16;0.01;2026.01.28 15:38:07;5265.65;;;13.8
2026.01.23 23:07:03;Buy;0.01;XAUUSD;4985.64;0.01;2026.01.26 01:02:00;5019.4;;-0.51;28.41
2026.01.23 23:07:03;Sell;0.01;EURUSD;1.18243;0.01;2026.01.26 01:01:44;1.18859;;0.02;-5.18
2026.01.20 21:16:01;Buy;0.01;EURUSD;1.1721;0.01;2026.01.20 22:29:01;1.17185;;;-0.21
2026.01.20 21:16:01;Sell;0.01;XAUUSD;4760.01;0.01;2026.01.20 22:29:01;4750.69;;;7.95
2026.01.20 20:02:00;Buy;0.01;EURUSD;1.17323;0.01;2026.01.20 20:54:01;1.17299;;;-0.2
2026.01.20 20:02:00;Sell;0.01;XAUUSD;4762.48;0.01;2026.01.20 20:54:01;4753.82;;;7.38
2026.01.20 11:31:00;Sell;0.01;EURUSD;1.17269;0.01;2026.01.20 15:58:00;1.1735;;;-0.69
2026.01.20 11:31:00;Buy;0.01;XAUUSD;4734.52;0.01;2026.01.20 15:58:00;4734.22;;;-0.26
2026.01.20 09:34:00;Sell;0.01;EURUSD;1.1684;0.01;2026.01.20 11:30:27;1.17272;;;-3.68
2026.01.20 09:34:00;Buy;0.01;XAUUSD;4718.89;0.01;2026.01.20 11:30:27;4735.27;;;13.97
2026.01.20 07:44:03;Buy;0.01;EURUSD;1.16658;0.01;2026.01.20 08:37:00;1.16666;;;0.07
2026.01.20 07:44:03;Sell;0.01;XAUUSD;4705.23;0.01;2026.01.20 08:37:00;4708.18;;;-2.5300000000000002
2026.01.19 16:49:00;Sell;0.01;EURUSD;1.16389;0.01;2026.01.19 17:48:04;1.16329;;;0.52
2026.01.19 16:49:00;Buy;0.01;XAUUSD;4666.59;0.01;2026.01.19 17:48:04;4671.51;;;4.23
2026.01.19 11:25:00;Buy;0.01;EURUSD;1.1611799999999999;0.01;2026.01.19 11:40:00;1.16199;;;0.7
2026.01.19 11:25:00;Sell;0.01;XAUUSD;4667.59;0.01;2026.01.19 11:40:00;4668.72;;;-0.97
2026.01.12 17:03:01;Buy;0.01;EURUSD;1.1678600000000001;0.01;2026.01.12 20:26:02;1.16708;;;-0.67
2026.01.12 17:03:01;Sell;0.01;XAUUSD;4612.05;0.01;2026.01.12 20:26:02;4603.02;;;7.74
2026.01.12 13:26:00;Sell;0.01;EURUSD;1.16885;0.01;2026.01.12 13:40:01;1.16812;;;0.62
2026.01.12 13:26:01;Buy;0.01;XAUUSD;4584.36;0.01;2026.01.12 13:40:01;4589.96;;;4.79
2026.01.12 10:48:00;Sell;0.01;EURUSD;1.16856;0.01;2026.01.12 12:22:01;1.16783;;;0.63
2026.01.12 10:48:01;Buy;0.01;XAUUSD;4593.18;0.01;2026.01.12 12:22:00;4589.17;;;-3.43
2026.01.12 08:54:00;Sell;0.01;EURUSD;1.1672500000000001;0.01;2026.01.12 10:47:57;1.16864;;;-1.19
2026.01.12 08:54:00;Buy;0.01;XAUUSD;4579.67;0.01;2026.01.12 10:47:57;4592.85;;;11.28
2026.01.12 02:06:00;Sell;0.01;EURUSD;1.16299;0.01;2026.01.12 02:18:28;1.1645;;;-1.3
2026.01.12 02:06:01;Buy;0.01;XAUUSD;4547.39;0.01;2026.01.12 02:18:28;4560.59;;;11.34
2026.01.12 01:06:01;Sell;0.01;EURUSD;1.16322;0.01;2026.01.12 01:22:44;1.1628;;;0.36
2026.01.12 01:06:01;Buy;0.01;XAUUSD;4523.65;0.01;2026.01.12 01:22:44;4535.14;;;9.88
2026.01.06 11:16:00;Buy;0.01;EURUSD;1.17178;0.01;2026.01.06 19:47:01;1.16973;;;-1.75
2026.01.06 11:16:00;Sell;0.01;XAUUSD;4452.84;0.01;2026.01.06 19:47:01;4484.81;;;-27.33
2026.01.06 11:02:00;Buy;0.01;EURUSD;1.17258;0.01;2026.01.06 11:15:59;1.17169;;;-0.76
2026.01.06 11:02:00;Sell;0.01;XAUUSD;4465.34;0.01;2026.01.06 11:15:59;4452.66;;;10.82
2026.01.06 03:03:00;Sell;0.01;EURUSD;1.1718600000000001;0.01;2026.01.06 03:11:00;1.17138;;;0.41
2026.01.06 03:03:00;Buy;0.01;XAUUSD;4431.69;0.01;2026.01.06 03:11:00;4439.82;;;6.9399999999999995
2026.01.05 14:43:00;Buy;0.01;EURUSD;1.16779;0.01;2026.01.05 16:07:01;1.16783;;;0.03
2026.01.05 14:43:01;Sell;0.01;XAUUSD;4407.41;0.01;2026.01.05 16:07:00;4423.84;;;-14.07
2025.12.24 10:57:01;Sell;0.01;EURUSD;1.17975;0.01;2025.12.24 11:43:00;1.17958;;;0.14
2025.12.24 10:57:01;Buy;0.01;XAUUSD;4481.92;0.01;2025.12.24 11:43:00;4492.22;;;8.73
2025.12.24 07:51:01;Sell;0.01;EURUSD;1.18012;0.01;2025.12.24 09:17:00;1.1795;;;0.53
2025.12.24 07:51:01;Buy;0.01;XAUUSD;4495.43;0.01;2025.12.24 09:17:00;4493.4;;;-1.72
2025.12.23 10:33:00;Sell;0.01;EURUSD;1.17823;0.01;2025.12.23 15:04:01;1.17893;;;-0.59
2025.12.23 10:33:01;Buy;0.01;XAUUSD;4486.54;0.01;2025.12.23 15:04:00;4490.93;;;3.7199999999999998
2025.12.23 10:10:00;Sell;0.01;EURUSD;1.17832;0.01;2025.12.23 10:22:01;1.17779;;;0.45
2025.12.23 10:10:00;Buy;0.01;XAUUSD;4488.39;0.01;2025.12.23 10:22:01;4488.18;;;-0.18
2025.12.15 11:26:40;Sell;0.01;AUDUSD;0.66526;0.01;2025.12.15 12:18:56;0.66486;;;0.34
2025.12.15 11:27:45;Sell;0.01;XAUUSD;4346.74;0.01;2025.12.15 12:18:50;4343.47;;;2.7800000000000002
2025.12.11 23:50:00;Buy;0.01;EURUSD;1.17387;0.01;2025.12.12 01:38:01;1.17374;;-0.07;-0.11
2025.12.11 23:50:00;Sell;0.01;XAUUSD;4282.83;0.01;2025.12.12 01:38:01;4276.13;;0.43;5.71
2025.12.11 05:10:00;Sell;0.01;EURUSD;1.16949;0.01;2025.12.11 08:27:01;1.16842;;;0.92
2025.12.11 05:10:00;Buy;0.01;XAUUSD;4213.53;0.01;2025.12.11 08:27:01;4214.17;;;0.55
2025.12.08 20:14:00;Sell;0.01;EURUSD;1.1639;0.01;2025.12.08 22:22:02;1.16385;;;0.04
2025.12.08 20:14:01;Buy;0.01;XAUUSD;4189.31;0.01;2025.12.08 22:22:02;4190.98;;;1.43
2025.12.08 19:31:01;Buy;0.01;EURUSD;1.16245;0.01;2025.12.08 19:42:01;1.16285;;;0.34
2025.12.08 19:31:01;Sell;0.01;XAUUSD;4192.79;0.01;2025.12.08 19:42:00;4190.71;;;1.79
2025.12.08 18:20:00;Buy;0.01;EURUSD;1.16248;0.01;2025.12.08 19:18:01;1.16243;;;-0.04
2025.12.08 18:20:00;Sell;0.01;XAUUSD;4189.57;0.01;2025.12.08 19:18:00;4187.04;;;2.18
2025.12.08 17:30:00;Buy;0.01;EURUSD;1.1627399999999999;0.01;2025.12.08 17:55:00;1.16263;;;-0.09
2025.12.08 17:30:00;Sell;0.01;XAUUSD;4191.57;0.01;2025.12.08 17:55:00;4185.1;;;5.5600000000000005
2025.11.26 10:08:00;Buy;0.01;EURUSD;1.158;0.01;2025.11.26 11:14:00;1.1578;;;-0.17
2025.11.26 10:08:00;Sell;0.01;XAUUSD;4164.58;0.01;2025.11.26 11:14:00;4158.39;;;5.35
2025.11.26 09:08:02;Sell;0.01;EURUSD;1.15905;0.01;2025.11.26 09:26:00;1.15844;;;0.53
2025.11.26 09:08:02;Buy;0.01;XAUUSD;4151.76;0.01;2025.11.26 09:26:00;4152.01;;;0.22
2025.11.10 17:31:01;Buy;0.02;EURUSD;1.15579;0.02;2025.11.10 19:57:03;1.15598;;;0.33
2025.11.10 17:31:02;Sell;0.01;XAUUSD;4087.3;0.01;2025.11.10 19:57:02;4102.13;;;-12.83
2025.10.21 17:08:00;Sell;0.02;EURUSD;1.16096;0.02;2025.10.21 20:04:00;1.16063;;;0.57
2025.10.21 17:08:00;Buy;0.01;XAUEUR;3598.66;0.01;2025.10.21 20:04:00;3538.66;;;-60
2025.10.21 16:53:00;Sell;0.02;EURUSD;1.16086;0.02;2025.10.21 17:06:35;1.16086;;;0
2025.10.21 16:53:00;Buy;0.01;XAUEUR;3601.06;0.01;2025.10.21 17:06:35;3607.08;;;6.02
2025.10.21 16:01:00;Sell;0.02;EURUSD;1.16121;0.02;2025.10.21 16:37:21;1.16124;;;-0.05
2025.10.21 16:01:00;Buy;0.01;XAUEUR;3621.96;0.01;2025.10.21 16:37:20;3628.1;;;6.14
2025.10.21 13:21:00;Buy;0.02;EURUSD;1.16085;0.02;2025.10.21 13:55:00;1.16129;;;0.76
2025.10.21 13:21:00;Sell;0.01;XAUEUR;3666.29;0.01;2025.10.21 13:55:00;3664.81;;;1.48
2025.10.17 23:40:00;Buy;0.02;EURUSD;1.16582;0.02;2025.10.20 02:49:22;1.1658;;-0.18;-0.03
2025.10.17 23:40:00;Sell;0.01;XAUUSD;4246.61;0.01;2025.10.20 02:49:22;4239.94;;0.38;5.72
2025.10.17 19:13:00;Sell;0.02;EURUSD;1.16749;0.02;2025.10.17 20:57:00;1.16709;;;0.69
2025.10.17 19:13:00;Buy;0.01;XAUUSD;4235.4;0.01;2025.10.17 20:57:00;4220.47;;;-12.79
2025.10.17 17:39:00;Sell;0.02;EURUSD;1.1668;0.02;2025.10.17 18:25:00;1.16642;;;0.65
2025.10.17 17:39:00;Buy;0.01;XAUUSD;4250.66;0.01;2025.10.17 18:25:00;4241.82;;;-7.58
2025.10.17 11:03:00;Sell;0.01;EURUSD;1.17144;0.01;2025.10.17 11:16:01;1.17022;;;1.04
2025.10.17 11:03:01;Buy;0.01;XAUUSD;4335.8;0.01;2025.10.17 11:16:01;4336.35;;;0.47
2025.10.17 08:53:00;Sell;0.01;EURUSD;1.17237;0.01;2025.10.17 09:46:01;1.17135;;;0.87
2025.10.17 08:53:01;Buy;0.01;XAUUSD;4368.88;0.01;2025.10.17 09:46:00;4365.4;;;-2.9699999999999998
2025.10.17 08:35:00;Sell;0.01;EURUSD;1.17166;0.01;2025.10.17 08:48:02;1.17188;;;-0.19
2025.10.17 08:35:00;Buy;0.01;XAUUSD;4356.04;0.01;2025.10.17 08:48:02;4363.68;;;6.52
2025.10.17 08:33:00;Sell;0.01;EURUSD;1.1716;0.01;2025.10.17 08:34:32;1.17178;;;-0.15
2025.10.17 08:33:00;Buy;0.01;XAUUSD;4345.13;0.01;2025.10.17 08:34:32;4352.71;;;6.47
2025.10.17 05:39:01;Sell;0.01;EURUSD;1.17106;0.01;2025.10.17 05:45:50;1.17116;;;-0.09
2025.10.17 05:39:01;Buy;0.01;XAUEUR;3704.46;0.01;2025.10.17 05:45:50;3709.76;;;5.3
2025.10.17 04:31:00;Sell;0.01;EURUSD;1.17065;0.01;2025.10.17 05:07:01;1.16968;;;0.83
2025.10.17 04:31:01;Buy;0.01;XAUEUR;3702.6;0.01;2025.10.17 05:07:01;3699.45;;;-3.15
2025.10.17 04:18:00;Sell;0.01;EURUSD;1.17047;0.01;2025.10.17 04:18:34;1.17041;;;0.05
2025.10.17 04:18:01;Buy;0.01;XAUEUR;3698.28;0.01;2025.10.17 04:18:33;3703.55;;;5.27
2025.10.17 04:18:00;Sell;0.01;EURUSD;1.17047;0.01;2025.10.17 04:18:01;1.17055;;;-0.07
2025.10.16 23:55:00;Buy;0.01;EURUSD;1.16887;0.01;2025.10.17 03:13:00;1.16983;;-0.09;0.82
2025.10.16 23:55:00;Sell;0.01;XAUUSD;4328.94;0.01;2025.10.17 03:13:00;4360.33;;0.38;-26.83
2025.10.16 22:24:00;Sell;0.01;EURUSD;1.16934;0.01;2025.10.16 22:52:00;1.16893;;;0.35
2025.10.16 22:24:00;Buy;0.01;XAUUSD;4292.6;0.01;2025.10.16 22:52:00;4297.3;;;4.02
2025.10.16 13:16:00;Buy;0.01;EURUSD;1.16551;0.01;2025.10.16 13:25:01;1.16606;;;0.47
2025.10.16 13:16:01;Sell;0.01;XAUUSD;4241.85;0.01;2025.10.16 13:25:00;4237.51;;;3.7199999999999998
2025.10.16 10:15:00;Buy;0.01;EURUSD;1.16515;0.01;2025.10.16 11:28:01;1.16572;;;0.49
2025.10.16 10:15:00;Sell;0.01;XAUUSD;4231.73;0.01;2025.10.16 11:28:00;4231.81;;;-0.07
2025.10.16 09:02:46;Sell;0.01;EURUSD;1.16575;0.01;2025.10.16 09:05:59;1.16566;;;0.08
2025.10.16 09:02:46;Buy;0.01;XAUUSD;4211.11;0.01;2025.10.16 09:05:59;4218.71;;;6.52
2025.10.16 08:52:00;Buy;0.01;XAUUSD;4208.46;0.01;2025.10.16 08:52:17;4209.17;;;0.61
2025.10.16 08:52:00;Sell;0.01;EURUSD;1.16592;0.01;2025.10.16 08:52:16;1.16601;;;-0.08
2025.10.16 08:51:00;Buy;0.01;XAUUSD;4208.95;0.01;2025.10.16 08:51:17;4209.23;;;0.24
2025.10.16 08:51:00;Sell;0.01;EURUSD;1.16591;0.01;2025.10.16 08:51:16;1.16601;;;-0.09
2025.10.16 08:50:00;Buy;0.01;XAUUSD;4208.68;0.01;2025.10.16 08:50:17;4208.15;;;-0.45
2025.10.16 08:50:00;Sell;0.01;EURUSD;1.16588;0.01;2025.10.16 08:50:16;1.16599;;;-0.09
2025.10.16 08:49:00;Buy;0.01;XAUUSD;4206.89;0.01;2025.10.16 08:49:17;4209.11;;;1.9
2025.10.16 08:49:00;Sell;0.01;EURUSD;1.16595;0.01;2025.10.16 08:49:16;1.166;;;-0.04
2025.10.16 08:48:01;Buy;0.01;XAUUSD;4205.31;0.01;2025.10.16 08:48:18;4204.51;;;-0.69
2025.10.16 08:48:01;Sell;0.01;EURUSD;1.16584;0.01;2025.10.16 08:48:17;1.16598;;;-0.12
2025.10.16 08:47:01;Buy;0.01;XAUUSD;4207.77;0.01;2025.10.16 08:47:17;4207.22;;;-0.47
2025.10.16 08:47:00;Sell;0.01;EURUSD;1.16581;0.01;2025.10.16 08:47:16;1.16592;;;-0.09
2025.10.16 08:46:01;Buy;0.01;XAUUSD;4209.72;0.01;2025.10.16 08:46:17;4209.25;;;-0.4
2025.10.16 08:46:00;Sell;0.01;EURUSD;1.1658;0.01;2025.10.16 08:46:16;1.16588;;;-0.07
2025.10.16 08:45:00;Buy;0.01;XAUUSD;4211.39;0.01;2025.10.16 08:45:17;4208.98;;;-2.07
2025.10.16 08:45:00;Sell;0.01;EURUSD;1.16571;0.01;2025.10.16 08:45:16;1.16573;;;-0.02
2025.10.16 08:44:01;Buy;0.01;XAUUSD;4210.86;0.01;2025.10.16 08:44:17;4210.37;;;-0.42
2025.10.16 08:44:01;Sell;0.01;EURUSD;1.16591;0.01;2025.10.16 08:44:17;1.16596;;;-0.04
2025.10.16 08:43:01;Buy;0.01;XAUUSD;4208.05;0.01;2025.10.16 08:43:18;4206.76;;;-1.11
2025.10.16 08:43:01;Sell;0.01;EURUSD;1.16572;0.01;2025.10.16 08:43:17;1.1659;;;-0.15
2025.10.16 08:42:01;Buy;0.01;XAUUSD;4209.48;0.01;2025.10.16 08:42:18;4210.31;;;0.71
2025.10.16 08:42:01;Sell;0.01;EURUSD;1.16573;0.01;2025.10.16 08:42:17;1.16578;;;-0.04
2025.10.16 08:41:07;Buy;0.01;XAUUSD;4209.18;0.01;2025.10.16 08:41:23;4207.61;;;-1.35
2025.10.16 08:41:06;Sell;0.01;EURUSD;1.16559;0.01;2025.10.16 08:41:22;1.16575;;;-0.14
2025.10.16 08:40:01;Buy;0.01;XAUUSD;4210.06;0.01;2025.10.16 08:40:17;4210.71;;;0.56
2025.10.16 08:40:00;Sell;0.01;EURUSD;1.16562;0.01;2025.10.16 08:40:16;1.16564;;;-0.02
2025.10.16 08:39:02;Buy;0.01;XAUUSD;4207.18;0.01;2025.10.16 08:39:18;4208.33;;;0.99
2025.10.16 08:39:02;Sell;0.01;EURUSD;1.16561;0.01;2025.10.16 08:39:18;1.16573;;;-0.1
2025.10.16 08:34:00;Buy;0.01;XAUUSD;4207.03;0.01;2025.10.16 08:34:17;4211.99;;;4.26
2025.10.16 08:34:00;Sell;0.01;EURUSD;1.16548;0.01;2025.10.16 08:34:16;1.16554;;;-0.05
2025.10.15 18:34:00;Buy;0.01;XAUUSD;4195.03;0.01;2025.10.15 20:15:33;4185.81;;;-7.93
2025.10.15 18:34:00;Sell;0.01;EURUSD;1.16373;0.01;2025.10.15 18:34:00;1.16381;;;-0.07
2025.10.15 18:34:00;Sell;0.01;EURUSD;1.16373;0.01;2025.10.15 18:34:00;1.16381;;;-0.07
2025.10.15 17:06:01;Buy;0.01;EURUSD;1.16224;0.01;2025.10.15 17:38:17;1.16204;;;-0.17
2025.10.15 17:06:01;Sell;0.01;XAUUSD;4203.37;0.01;2025.10.15 17:38:17;4197.26;;;5.26
2025.10.15 15:54:01;Sell;0.01;XAUUSD;4188.79;0.01;2025.10.15 16:32:00;4188.39;;;0.34
2025.10.15 15:54:01;Buy;0.01;EURUSD;1.1616;0.01;2025.10.15 15:54:01;1.1615199999999999;;;-0.07
2025.10.15 15:54:01;Buy;0.01;EURUSD;1.1616;0.01;2025.10.15 15:54:01;1.1615199999999999;;;-0.07
2025.10.15 14:58:00;Sell;0.01;XAUUSD;4198.64;0.01;2025.10.15 15:15:00;4192.75;;;5.07
2025.10.15 14:58:00;Buy;0.01;EURUSD;1.1621;0.01;2025.10.15 14:58:01;1.16201;;;-0.08
2025.10.15 14:58:00;Buy;0.01;EURUSD;1.1621;0.01;2025.10.15 14:58:00;1.16202;;;-0.07
2025.10.15 13:54:02;Sell;0.01;XAUUSD;4199.73;0.01;2025.10.15 14:02:00;4201.79;;;-1.77
2025.10.15 13:54:02;Buy;0.01;EURUSD;1.16212;0.01;2025.10.15 13:54:02;1.1620300000000001;;;-0.08
2025.10.15 13:54:02;Buy;0.01;EURUSD;1.16212;0.01;2025.10.15 13:54:02;1.1620300000000001;;;-0.08
2025.10.15 13:27:00;Sell;0.01;XAUUSD;4201.13;0.01;2025.10.15 13:42:36;4194.18;;;5.98
2025.10.15 13:27:00;Buy;0.01;EURUSD;1.1623;0.01;2025.10.15 13:27:01;1.1622;;;-0.09
2025.10.15 13:27:00;Buy;0.01;EURUSD;1.1623;0.01;2025.10.15 13:27:00;1.1622;;;-0.09
2025.10.15 12:37:01;Buy;0.01;XAUUSD;4192.22;0.01;2025.10.15 13:06:00;4194.31;;;1.8
2025.10.15 12:37:01;Sell;0.01;EURUSD;1.1638600000000001;0.01;2025.10.15 12:37:01;1.16388;;;-0.02
2025.10.15 12:37:01;Sell;0.01;EURUSD;1.1638600000000001;0.01;2025.10.15 12:37:01;1.16394;;;-0.07
2025.10.15 12:31:00;Buy;0.01;XAUUSD;4190.07;0.01;2025.10.15 12:36:12;4195.92;;;5.03
2025.10.15 12:31:00;Sell;0.01;EURUSD;1.16347;0.01;2025.10.15 12:31:01;1.16356;;;-0.08
2025.10.15 12:31:00;Sell;0.01;EURUSD;1.16347;0.01;2025.10.15 12:31:01;1.16356;;;-0.08
2025.10.15 12:24:00;Buy;0.01;XAUUSD;4182.93;0.01;2025.10.15 12:27:50;4188.81;;;5.06
2025.10.15 12:24:00;Sell;0.01;EURUSD;1.16303;0.01;2025.10.15 12:24:01;1.1631;;;-0.06
2025.10.15 12:24:00;Sell;0.01;EURUSD;1.16303;0.01;2025.10.15 12:24:00;1.16311;;;-0.07
2025.10.15 12:22:00;Buy;0.01;XAUUSD;4178.28;0.01;2025.10.15 12:23:03;4184.09;;;5
2025.10.15 12:22:00;Sell;0.01;EURUSD;1.16281;0.01;2025.10.15 12:22:01;1.16287;;;-0.05
2025.10.15 12:22:00;Sell;0.01;EURUSD;1.16281;0.01;2025.10.15 12:22:01;1.16289;;;-0.07
2025.10.15 11:51:00;Sell;0.01;EURUSD;1.16441;0.01;2025.10.15 11:53:00;1.16383;;;0.5
2025.10.15 11:51:00;Buy;0.01;XAUUSD;4216.47;0.01;2025.10.15 11:53:00;4214.69;;;-1.53
2025.10.15 10:46:00;Buy;0.01;XAUUSD;4205.84;0.01;2025.10.15 11:07:00;4211.5;;;4.86
2025.10.15 10:46:00;Sell;0.01;EURUSD;1.16421;0.01;2025.10.15 10:46:01;1.16431;;;-0.09
2025.10.15 10:46:00;Sell;0.01;EURUSD;1.16421;0.01;2025.10.15 10:46:01;1.16431;;;-0.09
2025.10.15 10:35:00;Buy;0.01;XAUUSD;4200.16;0.01;2025.10.15 10:38:14;4206.07;;;5.08
2025.10.15 10:35:00;Sell;0.01;EURUSD;1.16372;0.01;2025.10.15 10:35:01;1.16383;;;-0.09
2025.10.15 10:35:00;Sell;0.01;EURUSD;1.16372;0.01;2025.10.15 10:35:01;1.16384;;;-0.1
2025.10.15 09:54:00;Buy;0.01;XAUUSD;4197.7;0.01;2025.10.15 10:30:00;4199.61;;;1.6400000000000001
2025.10.15 09:54:00;Sell;0.01;EURUSD;1.16361;0.01;2025.10.15 09:54:01;1.16368;;;-0.06
2025.10.15 09:54:00;Sell;0.01;EURUSD;1.16361;0.01;2025.10.15 09:54:01;1.16369;;;-0.07
2025.10.03 20:58:03;Buy;0.01;EURUSD;1.17328;0.01;2025.10.03 21:55:00;1.17381;;;0.45
2025.10.03 20:58:03;Sell;0.01;XAUUSD;3882.05;0.01;2025.10.03 21:55:00;3886.81;;;-4.05
2025.09.26 21:54:00;Sell;0.01;EURUSD;1.17028;0.01;2025.09.29 05:20:00;1.1724700000000001;;0.04;-1.87
2025.09.26 21:54:00;Buy;0.01;XAUEUR;3229.53;0.01;2025.09.29 05:20:00;3233.72;;-0.22;4.19
2025.09.23 08:41:01;Buy;0.01;EURUSD;1.18006;0.01;2025.09.23 11:26:00;1.17951;;;-0.47
2025.09.23 08:41:02;Sell;0.01;XAUUSD;3755.2;0.01;2025.09.23 11:26:00;3757.56;;;-2
2025.09.23 04:42:00;Sell;0.01;EURUSD;1.18163;0.01;2025.09.23 06:10:01;1.17986;;;1.5
2025.09.23 04:42:01;Buy;0.01;XAUEUR;3179.39;0.01;2025.09.23 06:10:01;3170.72;;;-8.67
2025.09.23 03:54:04;Sell;0.01;EURUSD;1.18064;0.01;2025.09.23 04:05:00;1.18063;;;0.01
2025.09.23 03:54:04;Buy;0.01;XAUEUR;3173.54;0.01;2025.09.23 04:05:00;3176.21;;;2.67
2025.09.23 01:46:05;Sell;0.01;EURUSD;1.17998;0.01;2025.09.23 02:22:00;1.18028;;;-0.25
2025.09.23 01:46:05;Buy;0.01;XAUEUR;3169.46;0.01;2025.09.23 02:22:00;3175.12;;;5.66
2025.09.22 18:52:00;Buy;0.01;EURUSD;1.17709;0.01;2025.09.22 19:11:00;1.17793;;;0.71
2025.09.22 18:52:00;Sell;0.01;XAUUSD;3735.39;0.01;2025.09.22 19:11:00;3737.93;;;-2.16
2025.09.22 14:52:00;Sell;0.01;EURUSD;1.17809;0.01;2025.09.22 17:02:00;1.17736;;;0.62
2025.09.22 14:52:00;Buy;0.01;XAUUSD;3724.3;0.01;2025.09.22 17:02:00;3721.57;;;-2.32
2025.09.22 09:50:01;Sell;0.01;EURUSD;1.17456;0.01;2025.09.22 14:17:01;1.17704;;;-2.11
2025.09.22 09:50:01;Buy;0.01;XAUEUR;3166.88;0.01;2025.09.22 14:17:01;3166.5;;;-0.38
2025.09.22 09:38:00;Sell;0.01;EURUSD;1.17436;0.01;2025.09.22 09:49:19;1.1747;;;-0.29
2025.09.22 09:38:01;Buy;0.01;XAUUSD;3712.24;0.01;2025.09.22 09:49:19;3718.44;;;5.28
2025.09.22 09:26:00;Sell;0.01;EURUSD;1.17422;0.01;2025.09.22 09:37:21;1.17431;;;-0.08
2025.09.22 09:26:00;Buy;0.01;XAUEUR;3154.44;0.01;2025.09.22 09:37:21;3159.52;;;5.08
2025.09.22 09:03:00;Sell;0.01;EURUSD;1.17411;0.01;2025.09.22 09:25:51;1.17428;;;-0.14
2025.09.22 09:03:00;Buy;0.01;XAUEUR;3149.7;0.01;2025.09.22 09:25:50;3154.85;;;5.15
2025.09.19 14:10:01;Buy;0.01;EURUSD;1.17556;0.01;2025.09.19 14:33:40;1.17572;;;0.14
2025.09.19 14:10:01;Sell;0.01;XAUEUR;3108.93;0.01;2025.09.19 14:33:40;3104.03;;;4.9
2025.09.18 10:44:01;Sell;0.01;EURUSD;1.18346;0.01;2025.09.18 11:27:01;1.18224;;;1.03
2025.09.18 10:44:01;Buy;0.01;XAUUSD;3657.64;0.01;2025.09.18 11:27:00;3656.13;;;-1.28
2025.09.18 10:30:00;Sell;0.01;EURUSD;1.18239;0.01;2025.09.18 10:42:39;1.18352;;;-0.95
2025.09.18 10:30:00;Buy;0.01;XAUUSD;3649.65;0.01;2025.09.18 10:42:39;3656.87;;;6.1
2025.09.18 10:12:00;Sell;0.01;EURUSD;1.18109;0.01;2025.09.18 10:19:53;1.18192;;;-0.7
2025.09.18 10:12:00;Buy;0.01;XAUUSD;3641.53;0.01;2025.09.18 10:19:53;3648.64;;;6.02
2025.09.17 21:43:10;Balance;;;;;;;;;2.42
2025.09.17 17:44:03;Buy;0.01;EURUSD;1.18516;0.01;2025.09.17 19:27:00;1.18541;;;0.21
2025.09.17 17:44:03;Sell;0.01;XAUUSD;3685.2;0.01;2025.09.17 19:27:00;3687.87;;;-2.25
2025.09.17 15:03:01;Buy;0.01;EURUSD;1.1838;0.01;2025.09.17 16:23:00;1.18476;;;0.81
2025.09.17 15:03:01;Sell;0.01;XAUEUR;3099.56;0.01;2025.09.17 16:23:00;3102.35;;;-2.79
2025.09.17 14:23:00;Buy;0.01;EURUSD;1.1838;0.01;2025.09.17 14:42:01;1.18412;;;0.27
2025.09.17 14:23:00;Sell;0.01;XAUEUR;3097.83;0.01;2025.09.17 14:42:00;3096.95;;;0.88
2025.09.17 13:14:00;Buy;0.01;EURUSD;1.18351;0.01;2025.09.17 13:35:01;1.18397;;;0.39
2025.09.17 13:14:00;Sell;0.01;XAUEUR;3096.25;0.01;2025.09.17 13:35:00;3095.64;;;0.61
2025.09.17 11:52:00;Sell;0.01;EURUSD;1.18505;0.01;2025.09.17 12:11:00;1.18471;;;0.29
2025.09.17 11:52:01;Buy;0.01;XAUUSD;3665.47;0.01;2025.09.17 12:11:00;3666.24;;;0.65
2025.09.17 04:50:01;Buy;0.01;EURUSD;1.1857;0.01;2025.09.17 05:48:01;1.18543;;;-0.23
2025.09.17 04:50:01;Sell;0.01;XAUEUR;3100.8;0.01;2025.09.17 05:48:01;3105.41;;;-4.61
2025.09.17 04:31:01;Buy;0.01;EURUSD;1.18557;0.01;2025.09.17 04:49:58;1.1856200000000001;;;0.04
2025.09.17 04:31:01;Sell;0.01;XAUEUR;3106.65;0.01;2025.09.17 04:49:58;3101.45;;;5.2
2025.09.16 15:39:00;Sell;0.01;EURUSD;1.1802;0.01;2025.09.16 18:08:00;1.18388;;;-3.11
2025.09.16 15:39:00;Buy;0.01;XAUUSD;3689.38;0.01;2025.09.16 18:08:00;3682.01;;;-6.23
2025.09.16 13:58:00;Sell;0.01;EURUSD;1.18103;0.01;2025.09.16 14:14:00;1.18032;;;0.6
2025.09.16 13:58:00;Buy;0.01;XAUUSD;3693.51;0.01;2025.09.16 14:14:00;3693.32;;;-0.16
2025.09.16 12:42:00;Sell;0.01;EURUSD;1.18137;0.01;2025.09.16 13:01:00;1.18119;;;0.15
2025.09.16 12:42:00;Buy;0.01;XAUUSD;3696.69;0.01;2025.09.16 13:01:00;3698.32;;;1.38
2025.09.16 12:17:02;Sell;0.01;EURUSD;1.1808;0.01;2025.09.16 12:26:00;1.18064;;;0.14
2025.09.16 12:17:02;Buy;0.01;XAUUSD;3695.09;0.01;2025.09.16 12:26:00;3697.38;;;1.94
2025.09.11 15:53:00;Sell;0.01;EURUSD;1.17031;0.01;2025.09.11 19:30:22;1.17339;;;-2.62
2025.09.11 15:53:00;Buy;0.01;XAUUSD;3630.34;0.01;2025.09.11 19:29:29;3636.93;;;5.62
2025.09.11 15:31:00;Sell;0.01;EURUSD;1.17021;0.01;2025.09.11 15:49:00;1.16936;;;0.73
2025.09.11 15:31:00;Buy;0.01;XAUUSD;3632.55;0.01;2025.09.11 15:49:00;3629.83;;;-2.33
2025.09.11 15:16:00;Buy;0.01;EURUSD;1.16792;0.01;2025.09.11 15:29:00;1.1688;;;0.75
2025.09.11 15:16:00;Sell;0.01;XAUUSD;3619.57;0.01;2025.09.11 15:29:00;3622.79;;;-2.75
2025.09.11 14:39:00;Buy;0.01;EURUSD;1.16797;0.01;2025.09.11 14:51:00;1.16844;;;0.4
2025.09.11 14:39:00;Sell;0.01;XAUUSD;3618.69;0.01;2025.09.11 14:51:00;3616.72;;;1.69
2025.09.11 13:48:00;Buy;0.01;EURUSD;1.16832;0.01;2025.09.11 14:09:01;1.1687;;;0.33
2025.09.11 13:48:00;Sell;0.01;XAUUSD;3622.24;0.01;2025.09.11 14:09:01;3621.63;;;0.52
2025.09.08 21:22:01;Sell;0.01;EURUSD;1.17515;0.01;2025.09.09 04:21:00;1.17683;;0.03;-1.43
2025.09.08 21:22:01;Buy;0.01;XAUUSD;3633.98;0.01;2025.09.09 04:21:00;3644.98;;-0.47;9.35
2025.09.08 19:40:00;Buy;0.01;EURUSD;1.17382;0.01;2025.09.08 20:25:00;1.1742;;;0.32
2025.09.08 19:40:00;Sell;0.01;XAUUSD;3637.18;0.01;2025.09.08 20:25:00;3635.58;;;1.3599999999999999
2025.09.08 16:09:00;Sell;0.01;EURUSD;1.17429;0.01;2025.09.08 17:13:00;1.17463;;;-0.29
2025.09.08 16:09:00;Buy;0.01;XAUUSD;3627.92;0.01;2025.09.08 17:13:00;3636.01;;;6.89
2025.09.08 13:01:00;Buy;0.01;EURUSD;1.17236;0.01;2025.09.08 13:54:03;1.1728;;;0.38
2025.09.08 13:01:00;Sell;0.01;XAUUSD;3614.26;0.01;2025.09.08 13:54:03;3614.04;;;0.19
2025.09.05 20:53:00;Sell;0.01;XAUUSD;3596.88;0.01;2025.09.05 23:39:21;3589.52;;;6.28
2025.09.05 20:53:00;Buy;0.01;EURUSD;1.17292;0.01;2025.09.05 23:39:16;1.17175;;;-1
2025.09.05 16:56:00;Buy;0.01;EURUSD;1.17469;0.01;2025.09.05 17:23:00;1.17423;;;-0.39
2025.09.05 16:56:00;Sell;0.01;XAUUSD;3589.91;0.01;2025.09.05 17:23:00;3589.45;;;0.39
2025.09.03 20:46:00;Buy;0.01;EURUSD;1.16653;0.01;2025.09.03 22:32:00;1.16578;;;-0.64
2025.09.03 20:46:00;Sell;0.01;XAUUSD;3574.97;0.01;2025.09.03 22:32:00;3562.1;;;11.04
2025.09.01 11:40:00;Sell;0.01;EURUSD;1.17251;0.01;2025.09.01 14:57:00;1.1716199999999999;;;0.76
2025.09.01 11:40:00;Buy;0.01;XAUUSD;3477.4;0.01;2025.09.01 14:57:00;3470.18;;;-6.16
2025.09.01 11:25:21;Balance;;;;;;;;;224.79
